id,sem,lem,cer,cg,flex,pron,orto,etim,varia,def,sinta,ex,comp,not
1,1,ENCENDRE,,,,,,,,,,,,
2,2,ACCIDENT,,,,,,,,,,,,
3,3,ACORD,,,,,,,,,,,,
4,4,AGULLA,,,,,,,,,,,,
5,5,ARA,,,,,,,,,,,,
6,6,AGRE,,,,,,,,,,,,
7,7,ACCIÓ,,,,,,,,,,,,
8,8,ACTUAL,,,,,,,,,,,,
9,9,A,,,,,,,,,,,,
10,10,A,,,,,,,,,,,,
11,11,AL,,,,,,,,,,,,
12,12,AVANT,,,,,,,,,,,,
13,13,ADÉU,,,,,,,,,,,,
14,14,ADORMIR-SE,,,,,,,,,,,,
15,15,DINS,,,,,,,,,,,,
16,16,AQUÍ,,,,,,,,,,,,
17,17,ON,,,,,,,,,,,,
18,18,AIRE,,,,,,,,,,,,
19,19,AVIÓ,,,,,,,,,,,,
20,20,AEROPORT,,,,,,,,,,,,
21,21,AGUT,,,,,,,,,,,,
22,22,FORA,,,,,,,,,,,,
23,23,AGRADABLE,,,,,,,,,,,,
24,24,ANYELL,,,,,,,,,,,,
25,25,AGOST,,,,,,,,,,,,
26,26,AJUDAR,,,,,,,,,,,,
27,27,ALA,,,,,,,,,,,,
28,28,ALEGRAR-SE,,,,,,,,,,,,
29,29,ALEGRE,,,,,,,,,,,,
30,30,MENJAR,,,,,,,,,,,,
31,31,ALESHORES,,,,,,,,,,,,
32,32,ALT,,,,,,,,,,,,
33,33,DALT,,,,,,,,,,,,
34,34,ALTRE,,,,,,,,,,,,
35,35,ALTRES,,,,,,,,,,,,
36,36,TAMBÉ,,,,,,,,,,,,
37,37,TAMPOC,,,,,,,,,,,,
38,38,AMABLE,,,,,,,,,,,,
39,39,ESTIMAR,,,,,,,,,,,,
40,40,AMIC,,,,,,,,,,,,
41,41,ESMORZAR,,,,,,,,,,,,
42,42,AMOR,,,,,,,,,,,,
43,43,ÀNEC,,,,,,,,,,,,
44,44,ENCARA,,,,,,,,,,,,
45,45,CAMINAR,,,,,,,,,,,,
46,46,RUTLLA,,,,,,,,,,,,
47,47,CANTONADA,,,,,,,,,,,,
48,48,ÀNIMA,,,,,,,,,,,,
49,49,ANIMAL,,,,,,,,,,,,
50,50,ANNA,,,,,,,,,,,,
51,51,ANY,,,,,,,,,,,,
52,52,ABANS,,,,,,,,,,,,
53,53,DAVANT,,,,,,,,,,,,
54,54,ABANS-D’AHIR,,,,,,,,,,,,
55,55,ANTERIOR,,,,,,,,,,,,
56,56,ANTIC,,,,,,,,,,,,
57,57,ABELLA,,,,,,,,,,,,
58,58,OBERT,,,,,,,,,,,,
59,59,APARÈIXER,,,,,,,,,,,,
60,60,PIS,,,,,,,,,,,,
61,61,APRENDRE,,,,,,,,,,,,
62,62,ABRIL,,,,,,,,,,,,
63,63,OBRIR,,,,,,,,,,,,
64,64,AIGUA,,,,,,,,,,,,
65,65,ÀGUILA,,,,,,,,,,,,
66,66,ARBRE,,,,,,,,,,,,
67,67,ARC,,,,,,,,,,,,
68,68,ARC DE SANT MARTÍ,,,,,,,,,,,,
69,69,CREMAR,,,,,,,,,,,,
70,70,SORRA,,,,,,,,,,,,
71,71,ARGENT,,,,,,,,,,,,
72,72,ARMARI,,,,,,,,,,,,
73,73,PARAR,,,,,,,,,,,,
74,74,DETENIR-SE,,,,,,,,,,,,
75,75,ENDARRERE,,,,,,,,,,,,
76,76,ARRIBAR,,,,,,,,,,,,
77,77,ART,,,,,,,,,,,,
78,78,ARTISTA,,,,,,,,,,,,
79,79,PUJAR,,,,,,,,,,,,
80,80,APUJAR,,,,,,,,,,,,
81,81,ASCENSOR,,,,,,,,,,,,
82,82,ESCOLTAR,,,,,,,,,,,,
83,83,PROU,,,,,,,,,,,,
84,84,DESTRAL,,,,,,,,,,,,
85,85,ATENCIÓ,,,,,,,,,,,,
86,86,OCELL,,,,,,,,,,,,
87,87,AUTOR,,,,,,,,,,,,
88,88,SENTIR,,,,,,,,,,,,
89,89,OÏDA,,,,,,,,,,,,
90,90,ORELLA,,,,,,,,,,,,
91,91,OR,,,,,,,,,,,,
92,92,O,,,,,,,,,,,,
93,93,AUTOBÚS,,,,,,,,,,,,
94,94,TARDOR,,,,,,,,,,,,
95,95,AUTOMÒBIL,,,,,,,,,,,,
96,96,ÀVIA,,,,,,,,,,,,
97,97,AVI,,,,,,,,,,,,
98,98,BALCÓ,,,,,,,,,,,,
99,99,BALLAR,,,,,,,,,,,,
100,100,PILOTA,,,,,,,,,,,,
101,101,BLOBUS,,,,,,,,,,,,
102,102,BANANA,,,,,,,,,,,,
103,103,BANC,,,,,,,,,,,,
104,104,BANC,,,,,,,,,,,,
105,105,BANYAR-SE,,,,,,,,,,,,
106,106,BANY,,,,,,,,,,,,
107,107,BARBA,,,,,,,,,,,,
108,108,BARCA,,,,,,,,,,,,
109,109,BAR,,,,,,,,,,,,
110,110,BÀSQUET,,,,,,,,,,,,
111,111,BAIXAR,,,,,,,,,,,,
112,112,ABAIXAR,,,,,,,,,,,,
113,113,BAIX,,,,,,,,,,,,
114,114,BAIX,,,,,,,,,,,,
115,115,BASTAR,,,,,,,,,,,,
116,116,BEBÈ,,,,,,,,,,,,
117,117,GRONXADOR,,,,,,,,,,,,
118,118,MACO,,,,,,,,,,,,
119,119,BÉ,,,,,,,,,,,,
120,120,GORRA,,,,,,,,,,,,
121,121,BEURE,,,,,,,,,,,,
122,122,BIBLIOTECA,,,,,,,,,,,,
123,123,BICICLETA,,,,,,,,,,,,
124,124,BITLLET,,,,,,,,,,,,
125,125,GALETA,,,,,,,,,,,,
126,126,BLANC,,,,,,,,,,,,
127,127,BLAU,,,,,,,,,,,,
128,128,BRUSA,,,,,,,,,,,,
129,129,BOCA,,,,,,,,,,,,
130,130,BO,,,,,,,,,,,,
131,131,BARAT,,,,,,,,,,,,
132,132,BOSSA DE MÀ,,,,,,,,,,,,
133,133,BOSSA,,,,,,,,,,,,
134,134,BOTA,,,,,,,,,,,,
135,135,AMPOLLA,,,,,,,,,,,,
136,136,BOTÓ,,,,,,,,,,,,
137,137,BRAÇ,,,,,,,,,,,,
138,138,RASPALL,,,,,,,,,,,,
139,139,MANTEGA,,,,,,,,,,,,
140,140,GÀBIA,,,,,,,,,,,,
141,141,CAGAR,,,,,,,,,,,,
142,142,CAURE,,,,,,,,,,,,
143,143,CAFÈ,,,,,,,,,,,,
144,144,MITJÓ,,,,,,,,,,,,
145,145,MITJA,,,,,,,,,,,,
146,146,SABATA,,,,,,,,,,,,
147,147,CALENT,,,,,,,,,,,,
148,148,CALENDARI,,,,,,,,,,,,
149,149,CÀLID,,,,,,,,,,,,
150,150,CALOR,,,,,,,,,,,,
151,151,CAMA,,,,,,,,,,,,
152,152,CANVIAR,,,,,,,,,,,,
153,153,CANVI,,,,,,,,,,,,
154,154,CAMBRA,,,,,,,,,,,,
155,155,CAMBRA DE BANY,,,,,,,,,,,,
156,156,LAVABO,,,,,,,,,,,,
157,157,XEMENEIA,,,,,,,,,,,,
158,158,CAMIÓ,,,,,,,,,,,,
159,159,CAMISA,,,,,,,,,,,,
160,160,CAMÍ,,,,,,,,,,,,
161,161,TIMBRE,,,,,,,,,,,,
162,162,CAMP,,,,,,,,,,,,
163,163,ESPALMA,,,,,,,,,,,,
164,164,GOS,,,,,,,,,,,,
165,165,GOSSA,,,,,,,,,,,,
166,166,CANTAR,,,,,,,,,,,,
167,167,CANÇÓ,,,,,,,,,,,,
168,168,CAPAÇ,,,,,,,,,,,,
169,169,CABELL,,,,,,,,,,,,
170,170,CABRE,,,,,,,,,,,,
171,171,CAP,,,,,,,,,,,,
172,172,CAP,,,,,,,,,,,,
173,173,BARRET,,,,,,,,,,,,
174,174,CABRA,,,,,,,,,,,,
175,175,CARÀCTER,,,,,,,,,,,,
176,176,CARN,,,,,,,,,,,,
177,177,CAR,,,,,,,,,,,,
178,178,CARTA,,,,,,,,,,,,
179,179,AJUNTAMENT,,,,,,,,,,,,
180,180,CASA,,,,,,,,,,,,
181,181,FORMATGE,,,,,,,,,,,,
182,182,CAS,,,,,,,,,,,,
183,183,CAPSA,,,,,,,,,,,,
184,184,CALAIX,,,,,,,,,,,,
185,185,CASTELLÀ,,,,,,,,,,,,
186,186,CASTELL,,,,,,,,,,,,
187,187,CADA,,,,,,,,,,,,
188,188,CATALÀ,,,,,,,,,,,,
189,189,GAT,,,,,,,,,,,,
190,190,CAÇAR,,,,,,,,,,,,
191,191,CUA,,,,,,,,,,,,
192,192,COSA,,,,,,,,,,,,
193,193,CAUSA,,,,,,,,,,,,
194,194,CAVALL,,,,,,,,,,,,
195,195,CAVAR,,,,,,,,,,,,
196,196,COVA,,,,,,,,,,,,
197,197,CEC,,,,,,,,,,,,
198,198,CEL,,,,,,,,,,,,
199,199,SOPAR,,,,,,,,,,,,
200,200,SOPAR,,,,,,,,,,,,
201,201,CENDRA,,,,,,,,,,,,
202,202,CENT,,,,,,,,,,,,
203,203,CENTRE,,,,,,,,,,,,
204,204,BUSCAR,,,,,,,,,,,,
205,205,CIRERA,,,,,,,,,,,,
206,206,CERT,,,,,,,,,,,,
207,207,CERVESA,,,,,,,,,,,,
208,208,GUITARRA,,,,,,,,,,,,
209,209,CIGARRETA,,,,,,,,,,,,
210,210,CINEMA,,,,,,,,,,,,
211,211,CINQUANTA,,,,,,,,,,,,
212,212,CINC,,,,,,,,,,,,
213,213,XOCOLATA,,,,,,,,,,,,
214,214,CIUTAT,,,,,,,,,,,,
215,215,CRIDAR,,,,,,,,,,,,
216,216,DIR-SE,,,,,,,,,,,,
217,217,CLAR,,,,,,,,,,,,
218,218,CLASSE,,,,,,,,,,,,
219,219,TANCAR,,,,,,,,,,,,
220,220,TANCAT,,,,,,,,,,,,
221,221,CLAU,,,,,,,,,,,,
222,222,CLAU,,,,,,,,,,,,
223,223,CLIMA,,,,,,,,,,,,
224,224,CUINA,,,,,,,,,,,,
225,225,COGNOM,,,,,,,,,,,,
226,226,AGAFAR,,,,,,,,,,,,
227,227,ALLÀ,,,,,,,,,,,,
228,228,CULLERA,,,,,,,,,,,,
229,229,COLL,,,,,,,,,,,,
230,230,AJEURE’S,,,,,,,,,,,,
231,231,COLOM,,,,,,,,,,,,
232,232,COLOR,,,,,,,,,,,,
233,233,PEGAR,,,,,,,,,,,,
234,234,COP,,,,,,,,,,,,
235,235,GANIVET,,,,,,,,,,,,
236,236,COMENÇAR,,,,,,,,,,,,
237,237,ESTEL,,,,,,,,,,,,
238,238,COM,,,,,,,,,,,,
239,239,COM QUE,,,,,,,,,,,,
240,240,COMPANY,,,,,,,,,,,,
241,241,LLÀSTIMA,,,,,,,,,,,,
242,242,COMPLIR,,,,,,,,,,,,
243,243,COMPLETAR,,,,,,,,,,,,
244,244,COMPRAR,,,,,,,,,,,,
245,245,COMPRENDRE,,,,,,,,,,,,
246,246,AMB,,,,,,,,,,,,
247,247,CONDUIR,,,,,,,,,,,,
248,248,CONILL,,,,,,,,,,,,
249,249,CONÈIXER,,,,,,,,,,,,
250,250,ACONSEGUIR,,,,,,,,,,,,
251,251,CONSERVAR,,,,,,,,,,,,
252,252,CONSIDERAR,,,,,,,,,,,,
253,253,CONSTRUIR,,,,,,,,,,,,
254,254,COMPTAR,,,,,,,,,,,,
255,255,CONTENT,,,,,,,,,,,,
256,256,CONTINUAR,,,,,,,,,,,,
257,257,CONTE,,,,,,,,,,,,
258,258,COMPTE,,,,,,,,,,,,
259,259,CONTRA,,,,,,,,,,,,
260,260,CONVENIR,,,,,,,,,,,,
261,261,COR,,,,,,,,,,,,
262,262,BANYA,,,,,,,,,,,,
263,263,COS,,,,,,,,,,,,
264,264,CORRECTE,,,,,,,,,,,,
265,265,CÓRRER,,,,,,,,,,,,
266,266,CORREGUDA,,,,,,,,,,,,
267,267,CURS,,,,,,,,,,,,
268,268,CURS,,,,,,,,,,,,
269,269,PATI,,,,,,,,,,,,
270,270,CURT,,,,,,,,,,,,
271,271,CORBATA,,,,,,,,,,,,
272,272,COSIR,,,,,,,,,,,,
273,273,AIXÍ,,,,,,,,,,,,
274,274,COSINA,,,,,,,,,,,,
275,275,COSÍ,,,,,,,,,,,,
276,276,COSTA,,,,,,,,,,,,
277,277,COSTUM,,,,,,,,,,,,
278,278,COLZE,,,,,,,,,,,,
279,279,CREURE,,,,,,,,,,,,
280,280,CRÉIXER,,,,,,,,,,,,
281,281,ENCREUAR,,,,,,,,,,,,
282,282,ALLÒ,,,,,,,,,,,,
283,283,AQUELL,,,,,,,,,,,,
284,284,AQUELL,,,,,,,,,,,,
285,285,AIXÒ,,,,,,,,,,,,
286,286,AQUEIX,,,,,,,,,,,,
287,287,AQUEIX,,,,,,,,,,,,
288,288,AÇÒ,,,,,,,,,,,,
289,289,AQUEST,,,,,,,,,,,,
290,290,AQUEST,,,,,,,,,,,,
291,291,ACÍ,,,,,,,,,,,,
292,292,QUAL,,,,,,,,,,,,
293,293,CURA,,,,,,,,,,,,
294,294,CURA,,,,,,,,,,,,
295,295,DEL,,,,,,,,,,,,
296,296,DONAR,,,,,,,,,,,,
297,297,DATA,,,,,,,,,,,,
298,298,DE,,,,,,,,,,,,
299,299,DE,,,,,,,,,,,,
300,300,D’HORA,,,,,,,,,,,,
301,301,DEL,,,,,,,,,,,,
302,302,MÉS,,,,,,,,,,,,
303,303,DEBAT,,,,,,,,,,,,
304,304,DEBATRE,,,,,,,,,,,,
305,305,DEU,,,,,,,,,,,,
306,306,DESEMBRE,,,,,,,,,,,,
307,307,DENOU,,,,,,,,,,,,
308,308,DIVUIT,,,,,,,,,,,,
309,309,DESSET,,,,,,,,,,,,
310,310,DECIDIR,,,,,,,,,,,,
311,311,DESÈ,,,,,,,,,,,,
312,312,ONZÈ,,,,,,,,,,,,
313,313,DIT,,,,,,,,,,,,
314,314,PREGUNTA,,,,,,,,,,,,
315,315,PREGUNTAR,,,,,,,,,,,,
316,316,DINERS,,,,,,,,,,,,
317,317,DENT,,,,,,,,,,,,
318,318,DENTISTA,,,,,,,,,,,,
319,319,DESPULLAR-SE,,,,,,,,,,,,
320,320,DÉU,,,,,,,,,,,,
321,321,DEMÀ PASSAT,,,,,,,,,,,,
322,322,PRESSA,,,,,,,,,,,,
323,323,DRETA,,,,,,,,,,,,
324,324,DRET,,,,,,,,,,,,
325,325,DRET,,,,,,,,,,,,
326,326,DES DE,,,,,,,,,,,,
327,327,ESMUSSAT,,,,,,,,,,,,
328,328,DIBUIXAR,,,,,,,,,,,,
329,329,SEGUIDA,,,,,,,,,,,,
330,330,DESITJAR,,,,,,,,,,,,
331,331,DESDEJUNAR,,,,,,,,,,,,
332,332,DESDEJUNI,,,,,,,,,,,,
333,333,GASTAR,,,,,,,,,,,,
334,334,DEURE,,,,,,,,,,,,
335,335,DIA,,,,,,,,,,,,
336,336,DIA,,,,,,,,,,,,
337,337,DIARI,,,,,,,,,,,,
338,338,DIR,,,,,,,,,,,,
339,339,DIFERÈNCIA,,,,,,,,,,,,
340,340,DIFÍCIL,,,,,,,,,,,,
341,341,DIRIGIR,,,,,,,,,,,,
342,342,DISC,,,,,,,,,,,,
343,343,DIFERENT,,,,,,,,,,,,
344,344,DIVERTIR-SE,,,,,,,,,,,,
345,345,PARTIR,,,,,,,,,,,,
346,346,DUTXA,,,,,,,,,,,,
347,347,DOTZENA,,,,,,,,,,,,
348,348,DOCTOR,,,,,,,,,,,,
349,349,DOTZE,,,,,,,,,,,,
350,350,DOLÇ,,,,,,,,,,,,
351,351,MAL,,,,,,,,,,,,
352,352,DOLOR,,,,,,,,,,,,
353,353,DIUMENGE,,,,,,,,,,,,
354,354,REGAL,,,,,,,,,,,,
355,355,TANT,,,,,,,,,,,,
356,356,DOS,,,,,,,,,,,,
357,357,DOS-CENTS,,,,,,,,,,,,
358,358,DOBLE,,,,,,,,,,,,
359,359,DORMIR,,,,,,,,,,,,
360,360,DORMITORI,,,,,,,,,,,,
361,361,ESQUENA,,,,,,,,,,,,
362,362,DUBTE,,,,,,,,,,,,
363,363,DURANT,,,,,,,,,,,,
364,364,DURAR,,,,,,,,,,,,
365,365,DUR,,,,,,,,,,,,
366,366,ESGLÉSIA,,,,,,,,,,,,
367,367,EFECTE,,,,,,,,,,,,
368,368,ELÈCTRIC,,,,,,,,,,,,
369,369,ELEFANT,,,,,,,,,,,,
370,370,ESCOLLIR,,,,,,,,,,,,
371,371,HELENA,,,,,,,,,,,,
372,372,ELLA,,,,,,,,,,,,
373,373,ELLES,,,,,,,,,,,,
374,374,ALLÒ,,,,,,,,,,,,
375,375,ELL,,,,,,,,,,,,
376,376,ELLS,,,,,,,,,,,,
377,377,EMPÈNYER,,,,,,,,,,,,
378,378,OMPLIR,,,,,,,,,,,,
379,379,EMPORTAR-SE,,,,,,,,,,,,
380,380,EN,,,,,,,,,,,,
381,381,GENS,,,,,,,,,,,,
382,382,COBRAR,,,,,,,,,,,,
383,383,TROBAR,,,,,,,,,,,,
384,384,CITA,,,,,,,,,,,,
385,385,NENA,,,,,,,,,,,,
386,386,NEN,,,,,,,,,,,,
387,387,INFANTS,,,,,,,,,,,,
388,388,AGRAIR,,,,,,,,,,,,
389,389,ENSENYAR,,,,,,,,,,,,
390,390,SENCER,,,,,,,,,,,,
391,391,ENTENDRE,,,,,,,,,,,,
392,392,ENTRAR,,,,,,,,,,,,
393,393,ENTRADA,,,,,,,,,,,,
394,394,ENTRE,,,,,,,,,,,,
395,395,ENTREPÀ,,,,,,,,,,,,
396,396,DINS,,,,,,,,,,,,
397,397,JO,,,,,,,,,,,,
398,398,IGUAL,,,,,,,,,,,,
399,399,EQUIVOCAR-SE,,,,,,,,,,,,
400,400,ESGARRAPAR,,,,,,,,,,,,
401,401,ESCALA,,,,,,,,,,,,
402,402,ESCALA DE MÀ,,,,,,,,,,,,
403,403,ESCOLA,,,,,,,,,,,,
404,404,ESCOMBRA,,,,,,,,,,,,
405,405,ESCORÇA,,,,,,,,,,,,
406,406,ESCRIURE,,,,,,,,,,,,
407,407,MIRALL,,,,,,,,,,,,
408,408,ESPERAR,,,,,,,,,,,,
409,409,,,,,,,,,,,,,
410,410,ESPERIT,,,,,,,,,,,,
411,411,ESPONJA,,,,,,,,,,,,
412,412,BRUT,,,,,,,,,,,,
413,413,ESPORT,,,,,,,,,,,,
414,414,MULLER,,,,,,,,,,,,
415,415,MARIT,,,,,,,,,,,,
416,416,ESCOPIR,,,,,,,,,,,,
417,417,ÉSSER,,,,,,,,,,,,
418,418,CALDRE,,,,,,,,,,,,
419,419,DRET,,,,,,,,,,,,
420,420,ESTAR,,,,,,,,,,,,
421,421,TROBAR-SE,,,,,,,,,,,,
422,422,ESTIU,,,,,,,,,,,,
423,423,ESTAT,,,,,,,,,,,,
424,424,ESTACIÓ,,,,,,,,,,,,
425,425,EST,,,,,,,,,,,,
426,426,ESTEL,,,,,,,,,,,,
427,427,XIMPLE,,,,,,,,,,,,
428,428,ESTÓMAC,,,,,,,,,,,,
429,429,ESTRANGER,,,,,,,,,,,,
430,430,ESTRET,,,,,,,,,,,,
431,431,ESTRÈNYER,,,,,,,,,,,,
432,432,SOROLL,,,,,,,,,,,,
433,433,ESTUPEND,,,,,,,,,,,,
434,434,DESPERTAR-SE,,,,,,,,,,,,
435,435,I,,,,,,,,,,,,
436,436,EDAT,,,,,,,,,,,,
437,437,EXCAVAR,,,,,,,,,,,,
438,438,EXCEL·LENT,,,,,,,,,,,,
439,439,EXCURSIÓ,,,,,,,,,,,,
440,440,EXEMPLE,,,,,,,,,,,,
441,441,EIXIR,,,,,,,,,,,,
442,442,EIXIDA,,,,,,,,,,,,
443,443,EXPLICAR,,,,,,,,,,,,
444,444,ESPRÉMER,,,,,,,,,,,,
445,445,EXISTIR,,,,,,,,,,,,
446,446,EIXUGAR,,,,,,,,,,,,
447,447,APAGAR,,,,,,,,,,,,
448,448,TREURE,,,,,,,,,,,,
449,449,TOVALLOLA,,,,,,,,,,,,
450,450,FÀBRICA,,,,,,,,,,,,
451,451,CARA,,,,,,,,,,,,
452,452,FER,,,,,,,,,,,,
453,453,APUNTAR EL DIA,,,,,,,,,,,,
454,454,VESPREJAR,,,,,,,,,,,,
455,455,FÀCIL,,,,,,,,,,,,
456,456,FET,,,,,,,,,,,,
457,457,0,,,,,,,,,,,,
458,458,FAM,,,,,,,,,,,,
459,459,FAMÍLIA,,,,,,,,,,,,
460,460,FANTÀSTIC,,,,,,,,,,,,
461,461,FARMÀCIA,,,,,,,,,,,,
462,462,CANSAT,,,,,,,,,,,,
463,463,FEBRER,,,,,,,,,,,,
464,464,FETGE,,,,,,,,,,,,
465,465,LLEIG,,,,,,,,,,,,
466,466,FELIÇ,,,,,,,,,,,,
467,467,DONA,,,,,,,,,,,,
468,468,FEMENÍ,,,,,,,,,,,,
469,469,FINESTRA,,,,,,,,,,,,
470,470,FERRO,,,,,,,,,,,,
471,471,FESTA,,,,,,,,,,,,
472,472,FIGURA,,,,,,,,,,,,
473,473,FILLA,,,,,,,,,,,,
474,474,FILL,,,,,,,,,,,,
475,475,FIL,,,,,,,,,,,,
476,476,FINAL,,,,,,,,,,,,
477,477,FI,,,,,,,,,,,,
478,478,FINS,,,,,,,,,,,,
479,479,CAP DE SETMANA,,,,,,,,,,,,
480,480,ACABAR,,,,,,,,,,,,
481,481,PRIM,,,,,,,,,,,,
482,482,FLETXA,,,,,,,,,,,,
483,483,FLOR,,,,,,,,,,,,
484,484,SURAR,,,,,,,,,,,,
485,485,FLUIR,,,,,,,,,,,,
486,486,RIU,,,,,,,,,,,,
487,487,LLAR DE FOC,,,,,,,,,,,,
488,488,FOC,,,,,,,,,,,,
489,489,FULLA,,,,,,,,,,,,
490,490,FULL,,,,,,,,,,,,
491,491,FONS,,,,,,,,,,,,
492,492,FONT,,,,,,,,,,,,
493,493,FONT,,,,,,,,,,,,
494,494,FORA,,,,,,,,,,,,
495,495,FORQUILLA,,,,,,,,,,,,
496,496,TISORES,,,,,,,,,,,,
497,497,FORMA,,,,,,,,,,,,
498,498,BONIC,,,,,,,,,,,,
499,499,FORN,,,,,,,,,,,,
500,500,POTSER,,,,,,,,,,,,
501,501,FORT,,,,,,,,,,,,
502,502,FORÇA,,,,,,,,,,,,
503,503,SORT,,,,,,,,,,,,
504,504,LLUMÍ,,,,,,,,,,,,
505,505,FOTOGRAFIA,,,,,,,,,,,,
506,506,FRANCÈS,,,,,,,,,,,,
507,507,GERMÀ,,,,,,,,,,,,
508,508,FREGAR,,,,,,,,,,,,
509,509,FRED,,,,,,,,,,,,
510,510,FRED,,,,,,,,,,,,
511,511,SOVINT,,,,,,,,,,,,
512,512,FRESC,,,,,,,,,,,,
513,513,BLAT,,,,,,,,,,,,
514,514,FRONT,,,,,,,,,,,,
515,515,ENFRONT,,,,,,,,,,,,
516,516,FRUIT,,,,,,,,,,,,
517,517,FUM,,,,,,,,,,,,
518,518,CORDA,,,,,,,,,,,,
519,519,PAL,,,,,,,,,,,,
520,520,FUTBOL,,,,,,,,,,,,
521,521,FUTUR,,,,,,,,,,,,
522,522,GROC,,,,,,,,,,,,
523,523,GALLINA,,,,,,,,,,,,
524,524,GALL,,,,,,,,,,,,
525,525,GARATGE,,,,,,,,,,,,
526,526,GAS,,,,,,,,,,,,
527,527,BENZINA,,,,,,,,,,,,
528,528,GELAR,,,,,,,,,,,,
529,529,GELAT,,,,,,,,,,,,
530,530,GENERAL,,,,,,,,,,,,
531,531,GENERALMENT,,,,,,,,,,,,
532,532,GENOLL,,,,,,,,,,,,
533,533,GENT,,,,,,,,,,,,
534,534,GIMNÀSTICA,,,,,,,,,,,,
535,535,GIRAFA,,,,,,,,,,,,
536,536,GIRAR,,,,,,,,,,,,
537,537,GLAÇ,,,,,,,,,,,,
538,538,GOMA,,,,,,,,,,,,
539,539,GUST,,,,,,,,,,,,
540,540,GOTA,,,,,,,,,,,,
541,541,GOVERN,,,,,,,,,,,,
542,542,GRAU,,,,,,,,,,,,
543,543,GRAU,,,,,,,,,,,,
544,544,GRAN,,,,,,,,,,,,
545,545,GREIX,,,,,,,,,,,,
546,546,GRÀCIA,,,,,,,,,,,,
547,547,GRÀCIES,,,,,,,,,,,,
548,548,GRATAR,,,,,,,,,,,,
549,549,GRIS,,,,,,,,,,,,
550,550,GRAS,,,,,,,,,,,,
551,551,GRUP,,,,,,,,,,,,
552,552,GUANYAR,,,,,,,,,,,,
553,553,GUANT,,,,,,,,,,,,
554,554,GUARDAR,,,,,,,,,,,,
555,555,GUERRA,,,,,,,,,,,,
556,556,TENIR,,,,,,,,,,,,
557,557,HAVER,,,,,,,,,,,,
558,558,HAVER DE,,,,,,,,,,,,
559,559,HAVER-HI,,,,,,,,,,,,
560,560,HELICÒPTER,,,,,,,,,,,,
561,561,HERBA,,,,,,,,,,,,
562,562,AHIR,,,,,,,,,,,,
563,563,ANIT,,,,,,,,,,,,
564,564,HI,,,,,,,,,,,,
565,565,HISTÒRIA,,,,,,,,,,,,
566,566,HIVERN,,,,,,,,,,,,
567,567,AVUI,,,,,,,,,,,,
568,568,HOME,,,,,,,,,,,,
569,569,HOME,,,,,,,,,,,,
570,570,ESPATLA,,,,,,,,,,,,
571,571,HONOR,,,,,,,,,,,,
572,572,HORA,,,,,,,,,,,,
573,573,RELLOTGE,,,,,,,,,,,,
574,574,RELLOTGE,,,,,,,,,,,,
575,575,HORT,,,,,,,,,,,,
576,576,HOSPITAL,,,,,,,,,,,,
577,577,HOTEL,,,,,,,,,,,,
578,578,HUMÀ,,,,,,,,,,,,
579,579,HUMID,,,,,,,,,,,,
580,580,IDEA,,,,,,,,,,,,
581,581,IMPERMEABLE,,,,,,,,,,,,
582,582,IMPORTANT,,,,,,,,,,,,
583,583,IMPORTÀNCIA,,,,,,,,,,,,
584,584,IMPORTAR,,,,,,,,,,,,
585,585,IMPOSSIBLE,,,,,,,,,,,,
586,586,INFLAR-SE,,,,,,,,,,,,
587,587,INTEL·LIGENT,,,,,,,,,,,,
588,588,INTERESSANT,,,,,,,,,,,,
589,589,INTERESSAR,,,,,,,,,,,,
590,590,INTERÈS,,,,,,,,,,,,
591,591,BUDELL,,,,,,,,,,,,
592,592,CONVIDAR,,,,,,,,,,,,
593,593,ANAR,,,,,,,,,,,,
594,594,ILLA,,,,,,,,,,,,
595,595,ITALIÀ,,,,,,,,,,,,
596,596,JA,,,,,,,,,,,,
597,597,ESTIRAT,,,,,,,,,,,,
598,598,JAQUETA,,,,,,,,,,,,
599,599,PERNIL,,,,,,,,,,,,
600,600,JARDÍ,,,,,,,,,,,,
601,601,LLENÇAR,,,,,,,,,,,,
602,602,GENER,,,,,,,,,,,,
603,603,JOAN,,,,,,,,,,,,
604,604,JUGAR,,,,,,,,,,,,
605,605,JOC,,,,,,,,,,,,
606,606,JOGUINA,,,,,,,,,,,,
607,607,JOSEP,,,,,,,,,,,,
608,608,AVALL,,,,,,,,,,,,
609,609,JOVE,,,,,,,,,,,,
610,610,NOI,,,,,,,,,,,,
611,611,MOIA,,,,,,,,,,,,
612,612,NOIA,,,,,,,,,,,,
613,613,NOI,,,,,,,,,,,,
614,614,DIJOUS,,,,,,,,,,,,
615,615,JULIOL,,,,,,,,,,,,
616,616,AJUNTAR,,,,,,,,,,,,
617,617,JUNY,,,,,,,,,,,,
618,618,JUSTÍCIA,,,,,,,,,,,,
619,619,QUILO,,,,,,,,,,,,
620,620,QUILÒMETRE,,,,,,,,,,,,
621,621,LLAVI,,,,,,,,,,,,
622,622,LLAC,,,,,,,,,,,,
623,623,LLET,,,,,,,,,,,,
624,624,ENCIAM,,,,,,,,,,,,
625,625,LLUM,,,,,,,,,,,,
626,626,LLANA,,,,,,,,,,,,
627,627,TIRAR,,,,,,,,,,,,
628,628,LLAPIS,,,,,,,,,,,,
629,629,MAÓ,,,,,,,,,,,,
630,630,LLATÍ,,,,,,,,,,,,
631,631,COSTAT,,,,,,,,,,,,
632,632,TOCANT A,,,,,,,,,,,,
633,633,AMPLE,,,,,,,,,,,,
634,634,RENTAMANS,,,,,,,,,,,,
635,635,LLAVAR,,,,,,,,,,,,
636,636,RENTAR-SE,,,,,,,,,,,,
637,637,TREBALLAR,,,,,,,,,,,,
638,638,TREBALL,,,,,,,,,,,,
639,639,DEIXAR,,,,,,,,,,,,
640,640,LI,,,,,,,,,,,,
641,641,LLIT,,,,,,,,,,,,
642,642,LLIGAR,,,,,,,,,,,,
643,643,LLEI,,,,,,,,,,,,
644,644,LLEGIR,,,,,,,,,,,,
645,645,LLEUGER,,,,,,,,,,,,
646,646,FUSTA,,,,,,,,,,,,
647,647,ELLA,,,,,,,,,,,,
648,648,LLENGUA,,,,,,,,,,,,
649,649,LLENGUA,,,,,,,,,,,,
650,650,POC,,,,,,,,,,,,
651,651,LENT,,,,,,,,,,,,
652,652,LLENÇOL,,,,,,,,,,,,
653,653,LLEÓ,,,,,,,,,,,,
654,654,ELS,,,,,,,,,,,,
655,655,LLETRA,,,,,,,,,,,,
656,656,CARTA,,,,,,,,,,,,
657,657,AIXECAR,,,,,,,,,,,,
658,658,TRAURE,,,,,,,,,,,,
659,659,LLEVAR-SE,,,,,,,,,,,,
660,660,LLIURE,,,,,,,,,,,,
661,661,LLIBRERIA,,,,,,,,,,,,
662,662,LLIBRE,,,,,,,,,,,,
663,663,INSTITUT,,,,,,,,,,,,
664,664,LLIMONA,,,,,,,,,,,,
665,665,LÍNIA,,,,,,,,,,,,
666,666,LÍQUID,,,,,,,,,,,,
667,667,LLIS,,,,,,,,,,,,
668,668,EL,,,,,,,,,,,,
669,669,EL,,,,,,,,,,,,
670,670,EL,,,,,,,,,,,,
671,671,HO,,,,,,,,,,,,
672,672,LLOGAR,,,,,,,,,,,,
673,673,LLOC,,,,,,,,,,,,
674,674,LLUITA,,,,,,,,,,,,
675,675,LLUITAR,,,,,,,,,,,,
676,676,LLUNY,,,,,,,,,,,,
677,677,LLUNYÀ,,,,,,,,,,,,
678,678,LLARG,,,,,,,,,,,,
679,679,LLOP,,,,,,,,,,,,
680,680,LLUR,,,,,,,,,,,,
681,681,SEU,,,,,,,,,,,,
682,682,ELLS,,,,,,,,,,,,
683,683,ELS,,,,,,,,,,,,
684,684,FANG,,,,,,,,,,,,
685,685,LLUM,,,,,,,,,,,,
686,686,ELL,,,,,,,,,,,,
687,687,LLUNA,,,,,,,,,,,,
688,688,DILLUNS,,,,,,,,,,,,
689,689,MÀQUINA,,,,,,,,,,,,
690,690,MAGRE,,,,,,,,,,,,
691,691,MESTRE,,,,,,,,,,,,
692,692,MESTRE D’ESCOLA,,,,,,,,,,,,
693,693,PERÒ,,,,,,,,,,,,
694,694,SINÓ,,,,,,,,,,,,
695,695,BLAT DE MORO,,,,,,,,,,,,
696,696,MAIG,,,,,,,,,,,,
697,697,MÉS GROS,,,,,,,,,,,,
698,698,MALALT,,,,,,,,,,,,
699,699,MAL,,,,,,,,,,,,
700,700,SAMARRETA,,,,,,,,,,,,
701,701,SAMARRETA,,,,,,,,,,,,
702,702,JERSEI,,,,,,,,,,,,
703,703,DOLENT,,,,,,,,,,,,
704,704,MAMA,,,,,,,,,,,,
705,705,MANERA,,,,,,,,,,,,
706,706,MANCAR,,,,,,,,,,,,
707,707,ENVIAR,,,,,,,,,,,,
708,708,DEMÀ,,,,,,,,,,,,
709,709,MENJAR,,,,,,,,,,,,
710,710,MÀ,,,,,,,,,,,,
711,711,ABRIC,,,,,,,,,,,,
712,712,MAPA,,,,,,,,,,,,
713,713,MAR,,,,,,,,,,,,
714,714,MARIA,,,,,,,,,,,,
715,715,MARIT,,,,,,,,,,,,
716,716,MELMELADA,,,,,,,,,,,,
717,717,MARRÓ,,,,,,,,,,,,
718,718,MARTELL,,,,,,,,,,,,
719,719,DIMARTS,,,,,,,,,,,,
720,720,MARÇ,,,,,,,,,,,,
721,721,MASCULÍ,,,,,,,,,,,,
722,722,MATÈRIA,,,,,,,,,,,,
723,723,FUSTA,,,,,,,,,,,,
724,724,MARE,,,,,,,,,,,,
725,725,MATÍ,,,,,,,,,,,,
726,726,EM,,,,,,,,,,,,
727,727,EM,,,,,,,,,,,,
728,728,MECÀNIC,,,,,,,,,,,,
729,729,MEDECINA,,,,,,,,,,,,
730,730,METGE,,,,,,,,,,,,
731,731,MIG,,,,,,,,,,,,
732,732,MIG,,,,,,,,,,,,
733,733,MEL,,,,,,,,,,,,
734,734,MILLOR,,,,,,,,,,,,
735,735,MILLOR,,,,,,,,,,,,
736,736,PETIT,,,,,,,,,,,,
737,737,MENYS,,,,,,,,,,,,
738,738,MENYS,,,,,,,,,,,,
739,739,MENTRE,,,,,,,,,,,,
740,740,MEU,,,,,,,,,,,,
741,741,MEU,,,,,,,,,,,,
742,742,MERCAT,,,,,,,,,,,,
743,743,DIMECRES,,,,,,,,,,,,
744,744,BERENAR,,,,,,,,,,,,
745,745,TAULA,,,,,,,,,,,,
746,746,MES,,,,,,,,,,,,
747,747,MATEIX,,,,,,,,,,,,
748,748,MESURA,,,,,,,,,,,,
749,749,MEITAT,,,,,,,,,,,,
750,750,POR,,,,,,,,,,,,
751,751,METRE,,,,,,,,,,,,
752,752,FICAR,,,,,,,,,,,,
753,753,MI,,,,,,,,,,,,
754,754,MIL MILIONS,,,,,,,,,,,,
755,755,MILIÓ,,,,,,,,,,,,
756,756,MIL,,,,,,,,,,,,
757,757,MINUT,,,,,,,,,,,,
758,758,MIRAR,,,,,,,,,,,,
759,759,MOBLE,,,,,,,,,,,,
760,760,MOCADOR,,,,,,,,,,,,
761,761,MODERN,,,,,,,,,,,,
762,762,MOLÍ,,,,,,,,,,,,
763,763,TOU,,,,,,,,,,,,
764,764,MOLL,,,,,,,,,,,,
765,765,MOLT,,,,,,,,,,,,
766,766,MOLT,,,,,,,,,,,,
767,767,MOMENT,,,,,,,,,,,,
768,768,MÓN,,,,,,,,,,,,
769,769,MONEDA,,,,,,,,,,,,
770,770,MUNTANYA,,,,,,,,,,,,
771,771,MOSSEGAR,,,,,,,,,,,,
772,772,MORIR,,,,,,,,,,,,
773,773,MORT,,,,,,,,,,,,
774,774,MORT,,,,,,,,,,,,
775,775,MOSCA,,,,,,,,,,,,
776,776,MOSTRAR,,,,,,,,,,,,
777,777,MOTOCICLETA,,,,,,,,,,,,
778,778,MOTOR,,,,,,,,,,,,
779,779,MOURE,,,,,,,,,,,,
780,780,DIVERSOS,,,,,,,,,,,,
781,781,MUSEU,,,,,,,,,,,,
782,782,MÚSICA,,,,,,,,,,,,
783,783,MUT,,,,,,,,,,,,
784,784,TARONJA,,,,,,,,,,,,
785,785,ATARONJAT,,,,,,,,,,,,
786,786,NÀIXER,,,,,,,,,,,,
787,787,NAS,,,,,,,,,,,,
788,788,NADAL,,,,,,,,,,,,
789,789,NADAR,,,,,,,,,,,,
790,790,NACIONAL,,,,,,,,,,,,
791,791,NACIÓ,,,,,,,,,,,,
792,792,NATURA,,,,,,,,,,,,
793,793,VAIXELL,,,,,,,,,,,,
794,794,NI,,,,,,,,,,,,
795,795,EN,,,,,,,,,,,,
796,796,NECESSARI,,,,,,,,,,,,
797,797,NECESSITAR,,,,,,,,,,,,
798,798,RES,,,,,,,,,,,,
799,799,NINGÚ,,,,,,,,,,,,
800,800,CAP,,,,,,,,,,,,
801,801,CAP,,,,,,,,,,,,
802,802,NEGRE,,,,,,,,,,,,
803,803,NEOLLATÍ,,,,,,,,,,,,
804,804,NET,,,,,,,,,,,,
805,805,NETEJAR,,,,,,,,,,,,
806,806,NEVAR,,,,,,,,,,,,
807,807,NEU,,,,,,,,,,,,
808,808,BOIRA,,,,,,,,,,,,
809,809,NIU,,,,,,,,,,,,
810,810,NIT,,,,,,,,,,,,
811,811,NOM,,,,,,,,,,,,
812,812,NO,,,,,,,,,,,,
813,813,NO,,,,,,,,,,,,
814,814,,,,,,,,,,,,,
815,815,NOVÈ,,,,,,,,,,,,
816,816,NORD,,,,,,,,,,,,
817,817,NORMAL,,,,,,,,,,,,
818,818,NOSALTRES,,,,,,,,,,,,
819,819,ENS,,,,,,,,,,,,
820,820,ENS,,,,,,,,,,,,
821,821,NOSTRE,,,,,,,,,,,,
822,822,NOSTRE,,,,,,,,,,,,
823,823,NOTA,,,,,,,,,,,,
824,824,NOTÍCIA,,,,,,,,,,,,
825,825,NORANTA,,,,,,,,,,,,
826,826,NOU,,,,,,,,,,,,
827,827,NOVEMBRE,,,,,,,,,,,,
828,828,NOU,,,,,,,,,,,,
829,829,NUCA,,,,,,,,,,,,
830,830,NOMBRE,,,,,,,,,,,,
831,831,MAI,,,,,,,,,,,,
832,832,NÚVOL,,,,,,,,,,,,
833,833,OBJECTE,,,,,,,,,,,,
834,834,OBLIDAR,,,,,,,,,,,,
835,835,OBTENIR,,,,,,,,,,,,
836,836,OCASIÓ,,,,,,,,,,,,
837,837,MATAR,,,,,,,,,,,,
838,838,OCCITÀ,,,,,,,,,,,,
839,839,OCUPAR,,,,,,,,,,,,
840,840,ULL,,,,,,,,,,,,
841,841,VUITANTA,,,,,,,,,,,,
842,842,VUITÈ,,,,,,,,,,,,
843,843,VUIT,,,,,,,,,,,,
844,844,OCTUBRE,,,,,,,,,,,,
845,845,OLORAR,,,,,,,,,,,,
846,846,OEST,,,,,,,,,,,,
847,847,OFERIR,,,,,,,,,,,,
848,848,OLI,,,,,,,,,,,,
849,849,OLI D’OLIVA,,,,,,,,,,,,
850,850,OMBRA,,,,,,,,,,,,
851,851,ONA,,,,,,,,,,,,
852,852,ON,,,,,,,,,,,,
853,853,ONZE,,,,,,,,,,,,
854,854,UNGLA,,,,,,,,,,,,
855,855,OBRA,,,,,,,,,,,,
856,856,MANAR,,,,,,,,,,,,
857,857,ORDINADOR,,,,,,,,,,,,
858,858,ORDRE,,,,,,,,,,,,
859,859,ORDRE,,,,,,,,,,,,
860,860,ÓS,,,,,,,,,,,,
861,861,FOSC,,,,,,,,,,,,
862,862,OS,,,,,,,,,,,,
863,863,OVELLA,,,,,,,,,,,,
864,864,OU,,,,,,,,,,,,
865,865,PAGAR,,,,,,,,,,,,
866,866,PAU,,,,,,,,,,,,
867,867,PAQUET,,,,,,,,,,,,
868,868,PAÍS,,,,,,,,,,,,
869,869,PÀGINA,,,,,,,,,,,,
870,870,PALA,,,,,,,,,,,,
871,871,PALLASSO,,,,,,,,,,,,
872,872,PA,,,,,,,,,,,,
873,873,PANTALON,,,,,,,,,,,,
874,874,PAPA,,,,,,,,,,,,
875,875,PAPER,,,,,,,,,,,,
876,876,PARAIGUA,,,,,,,,,,,,
877,877,OMBREL·LA,,,,,,,,,,,,
878,878,PARAULA,,,,,,,,,,,,
879,879,PARC,,,,,,,,,,,,
880,880,PARELL,,,,,,,,,,,,
881,881,PARES,,,,,,,,,,,,
882,882,PARET,,,,,,,,,,,,
883,883,PARLAR,,,,,,,,,,,,
884,884,PART,,,,,,,,,,,,
885,885,MARXAR,,,,,,,,,,,,
886,886,PARTIT,,,,,,,,,,,,
887,887,PASQUA,,,,,,,,,,,,
888,888,PASSAR,,,,,,,,,,,,
889,889,PASSAT,,,,,,,,,,,,
890,890,PASSEJAR,,,,,,,,,,,,
891,891,PASSEIG,,,,,,,,,,,,
892,892,PAS,,,,,,,,,,,,
893,893,ÀPAT,,,,,,,,,,,,
894,894,PATATA,,,,,,,,,,,,
895,895,PAELLA,,,,,,,,,,,,
896,896,PARE,,,,,,,,,,,,
897,897,POTA,,,,,,,,,,,,
898,898,POC,,,,,,,,,,,,
899,899,POC,,,,,,,,,,,,
900,900,POC,,,,,,,,,,,,
901,901,MICA,,,,,,,,,,,,
902,902,POBRE,,,,,,,,,,,,
903,903,PENTINAR-SE,,,,,,,,,,,,
904,904,PINTA,,,,,,,,,,,,
905,905,PIT,,,,,,,,,,,,
906,906,PEU,,,,,,,,,,,,
907,907,POLL,,,,,,,,,,,,
908,908,PITJOR,,,,,,,,,,,,
909,909,PITJOR,,,,,,,,,,,,
910,910,PILOTA,,,,,,,,,,,,
911,911,PELL,,,,,,,,,,,,
912,912,PÈL,,,,,,,,,,,,
913,913,PENA,,,,,,,,,,,,
914,914,PENJAR,,,,,,,,,,,,
915,915,PINTAR,,,,,,,,,,,,
916,916,PENSAR,,,,,,,,,,,,
917,917,PER,,,,,,,,,,,,
918,918,PLAU,,,,,,,,,,,,
919,919,PER QUÈ,,,,,,,,,,,,
920,920,PERQUÈ,,,,,,,,,,,,
921,921,PERA,,,,,,,,,,,,
922,922,PERDRE,,,,,,,,,,,,
923,923,PERDRE,,,,,,,,,,,,
924,924,PERDONAR,,,,,,,,,,,,
925,925,PERDÓ,,,,,,,,,,,,
926,926,PERMETRE,,,,,,,,,,,,
927,927,FORA,,,,,,,,,,,,
928,928,PERSONA,,,,,,,,,,,,
929,929,PESAT,,,,,,,,,,,,
930,930,PESAR,,,,,,,,,,,,
931,931,PESCAR,,,,,,,,,,,,
932,932,PEIX,,,,,,,,,,,,
933,933,DEMANAR,,,,,,,,,,,,
934,934,PEDRA,,,,,,,,,,,,
935,935,PERE,,,,,,,,,,,,
936,936,PETIT,,,,,,,,,,,,
937,937,PIANO,,,,,,,,,,,,
938,938,PIJAMA,,,,,,,,,,,,
939,939,PISCINA,,,,,,,,,,,,
940,940,PIXAR,,,,,,,,,,,,
941,941,AGRADAR,,,,,,,,,,,,
942,942,PLATJA,,,,,,,,,,,,
943,943,PIS,,,,,,,,,,,,
944,944,PLANTA,,,,,,,,,,,,
945,945,PLAT,,,,,,,,,,,,
946,946,PLAÇA,,,,,,,,,,,,
947,947,PLE,,,,,,,,,,,,
948,948,PLUJA,,,,,,,,,,,,
949,949,PLORAR,,,,,,,,,,,,
950,950,PLOURE,,,,,,,,,,,,
951,951,BOLÍGRAF,,,,,,,,,,,,
952,952,PLOMA,,,,,,,,,,,,
953,953,PLOMA,,,,,,,,,,,,
954,954,MÉS,,,,,,,,,,,,
955,955,MÉS,,,,,,,,,,,,
956,956,SEGUIT,,,,,,,,,,,,
957,957,APUNYALAR,,,,,,,,,,,,
958,958,POLICIA,,,,,,,,,,,,
959,959,POLICIA,,,,,,,,,,,,
960,960,POLLASTRE,,,,,,,,,,,,
961,961,BUTACA,,,,,,,,,,,,
962,962,POLS,,,,,,,,,,,,
963,963,POMA,,,,,,,,,,,,
964,964,POSAR,,,,,,,,,,,,
965,965,AIXECAR-SE,,,,,,,,,,,,
966,966,POSAR-SE,,,,,,,,,,,,
967,967,PONT,,,,,,,,,,,,
968,968,PUNT,,,,,,,,,,,,
969,969,POBLE,,,,,,,,,,,,
970,970,PER A,,,,,,,,,,,,
971,971,PORC,,,,,,,,,,,,
972,972,PORTA,,,,,,,,,,,,
973,973,CARTERA,,,,,,,,,,,,
974,974,PORTAR,,,,,,,,,,,,
975,975,PORTAR,,,,,,,,,,,,
976,976,PORT,,,,,,,,,,,,
977,977,PORTUGUÈS,,,,,,,,,,,,
978,978,DESPRÉS DE,,,,,,,,,,,,
979,979,DONCS,,,,,,,,,,,,
980,980,TARDA,,,,,,,,,,,,
981,981,POSSEIR,,,,,,,,,,,,
982,982,POSSIBLE,,,,,,,,,,,,
983,983,CORREU,,,,,,,,,,,,
984,984,CARTER,,,,,,,,,,,,
985,985,BOTIGA,,,,,,,,,,,,
986,986,PODER,,,,,,,,,,,,
987,987,PODER,,,,,,,,,,,,
988,988,PODER ÉSSER,,,,,,,,,,,,
989,989,PODRIT,,,,,,,,,,,,
990,990,TOLL,,,,,,,,,,,,
991,991,POU,,,,,,,,,,,,
992,992,DINAR,,,,,,,,,,,,
993,993,DINAR,,,,,,,,,,,,
994,994,PRAT,,,,,,,,,,,,
995,995,PRECÍS,,,,,,,,,,,,
996,996,PREFERIR,,,,,,,,,,,,
997,997,PITJAR,,,,,,,,,,,,
998,998,PRENDRE,,,,,,,,,,,,
999,999,NOM DE FONTS,,,,,,,,,,,,
1000,1000,PREPARAR,,,,,,,,,,,,
1001,1001,PRESENTAR,,,,,,,,,,,,
1002,1002,PRESENT,,,,,,,,,,,,
1003,1003,PRESIDENT,,,,,,,,,,,,
1004,1004,PRESSA,,,,,,,,,,,,
1005,1005,PROP,,,,,,,,,,,,
1006,1006,PRESTAR,,,,,,,,,,,,
1007,1007,AVIAT,,,,,,,,,,,,
1008,1008,PREU,,,,,,,,,,,,
1009,1009,PRIMAVERA,,,,,,,,,,,,
1010,1010,PRIMER,,,,,,,,,,,,
1011,1011,PRINCIPAL,,,,,,,,,,,,
1012,1012,PRINCIPI,,,,,,,,,,,,
1013,1013,PROBLEMA,,,,,,,,,,,,
1014,1014,PRODUIR,,,,,,,,,,,,
1015,1015,PROFESSOR,,,,,,,,,,,,
1016,1016,PROFUND,,,,,,,,,,,,
1017,1017,PROGRAMA,,,,,,,,,,,,
1018,1018,PROHIBIR,,,,,,,,,,,,
1019,1019,XICOTA,,,,,,,,,,,,
1020,1020,XICOT,,,,,,,,,,,,
1021,1021,PRONUNCIAR,,,,,,,,,,,,
1022,1022,PROPOSAR,,,,,,,,,,,,
1023,1023,PROPÒSIT,,,,,,,,,,,,
1024,1024,PROPI,,,,,,,,,,,,
1025,1025,PROVA,,,,,,,,,,,,
1026,1026,PROVAR,,,,,,,,,,,,
1027,1027,PRÒXIM,,,,,,,,,,,,
1028,1028,PRUNA,,,,,,,,,,,,
1029,1029,PÚBLIC,,,,,,,,,,,,
1030,1030,NINA,,,,,,,,,,,,
1031,1031,PUR,,,,,,,,,,,,
1032,1032,QUADERN,,,,,,,,,,,,
1033,1033,QUADRE,,,,,,,,,,,,
1034,1034,ALGUN,,,,,,,,,,,,
1035,1035,ALGÚ,,,,,,,,,,,,
1036,1036,QUIN,,,,,,,,,,,,
1037,1037,QUAL,,,,,,,,,,,,
1038,1038,QUALSEVOL,,,,,,,,,,,,
1039,1039,ALGUN,,,,,,,,,,,,
1040,1040,ALGUNA COSA,,,,,,,,,,,,
1041,1041,QUAN,,,,,,,,,,,,
1042,1042,QUAN,,,,,,,,,,,,
1043,1043,QUANT,,,,,,,,,,,,
1044,1044,QUANT,,,,,,,,,,,,
1045,1045,QUARANTA,,,,,,,,,,,,
1046,1046,QUART,,,,,,,,,,,,
1047,1047,QUART D’HORA,,,,,,,,,,,,
1048,1048,GAIREBÉ,,,,,,,,,,,,
1049,1049,CATORZE,,,,,,,,,,,,
1050,1050,QUATRE,,,,,,,,,,,,
1051,1051,QUE,,,,,,,,,,,,
1052,1052,QUE,,,,,,,,,,,,
1053,1053,QÜESTIÓ,,,,,,,,,,,,
1054,1054,QUI,,,,,,,,,,,,
1055,1055,QUIET,,,,,,,,,,,,
1056,1056,QUINZE,,,,,,,,,,,,
1057,1057,CINQUÈ,,,,,,,,,,,,
1058,1058,RASPAR,,,,,,,,,,,,
1059,1059,ARREL,,,,,,,,,,,,
1060,1060,RÀDIO,,,,,,,,,,,,
1061,1061,RÀPIDAMENT,,,,,,,,,,,,
1062,1062,RÀPID,,,,,,,,,,,,
1063,1063,RAR,,,,,,,,,,,,
1064,1064,AFAITAR,,,,,,,,,,,,
1065,1065,RAÓ,,,,,,,,,,,,
1066,1066,REAL,,,,,,,,,,,,
1067,1067,REALITAT,,,,,,,,,,,,
1068,1068,REBRE,,,,,,,,,,,,
1069,1069,RECOLLIR,,,,,,,,,,,,
1070,1070,RECONÈIXER,,,,,,,,,,,,
1071,1071,CONTAR,,,,,,,,,,,,
1072,1072,RECORDAR,,,,,,,,,,,,
1073,1073,RECORDAR-SE,,,,,,,,,,,,
1074,1074,RECTE,,,,,,,,,,,,
1075,1075,REFERIR-SE,,,,,,,,,,,,
1076,1076,REI,,,,,,,,,,,,
1077,1077,REINA,,,,,,,,,,,,
1078,1078,REGIÓ,,,,,,,,,,,,
1079,1079,REGLE,,,,,,,,,,,,
1080,1080,REGLA,,,,,,,,,,,,
1081,1081,REGULAR,,,,,,,,,,,,
1082,1082,RELACIÓ,,,,,,,,,,,,
1083,1083,RESTAR,,,,,,,,,,,,
1084,1084,ADONAR-SE,,,,,,,,,,,,
1085,1085,REPARAR,,,,,,,,,,,,
1086,1086,DESCANSAR,,,,,,,,,,,,
1087,1087,REPETIR,,,,,,,,,,,,
1088,1088,RESPIRAR,,,,,,,,,,,,
1089,1089,CONTESTAR,,,,,,,,,,,,
1090,1090,QUEDAR,,,,,,,,,,,,
1091,1091,RESTAURANT,,,,,,,,,,,,
1092,1092,RESTA,,,,,,,,,,,,
1093,1093,RESULTAR,,,,,,,,,,,,
1094,1094,XARXA,,,,,,,,,,,,
1095,1095,DARRERE,,,,,,,,,,,,
1096,1096,REVISTA,,,,,,,,,,,,
1097,1097,RIC,,,,,,,,,,,,
1098,1098,RIURE,,,,,,,,,,,,
1099,1099,RIURE,,,,,,,,,,,,
1100,1100,ARRÒS,,,,,,,,,,,,
1101,1101,RIEROL,,,,,,,,,,,,
1102,1102,ROCA,,,,,,,,,,,,
1103,1103,ROMANÇ,,,,,,,,,,,,
1104,1104,TRENCAR,,,,,,,,,,,,
1105,1105,ROSA,,,,,,,,,,,,
1106,1106,ROSA,,,,,,,,,,,,
1107,1107,VERMELL,,,,,,,,,,,,
1108,1108,RODA,,,,,,,,,,,,
1109,1109,RODÓ,,,,,,,,,,,,
1110,1110,ROMANÈS,,,,,,,,,,,,
1111,1111,DISSABTE,,,,,,,,,,,,
1112,1112,FALDILLA,,,,,,,,,,,,
1113,1113,SALA,,,,,,,,,,,,
1114,1114,SAL,,,,,,,,,,,,
1115,1115,SALTAR,,,,,,,,,,,,
1116,1116,SALT,,,,,,,,,,,,
1117,1117,SALUDAR,,,,,,,,,,,,
1118,1118,HOLA,,,,,,,,,,,,
1119,1119,SANG,,,,,,,,,,,,
1120,1120,SA,,,,,,,,,,,,
1121,1121,SABER,,,,,,,,,,,,
1122,1122,SABÓ,,,,,,,,,,,,
1123,1123,CIÈNCIA,,,,,,,,,,,,
1124,1124,HOM,,,,,,,,,,,,
1125,1125,ES,,,,,,,,,,,,
1126,1126,ASSECAR,,,,,,,,,,,,
1127,1127,SEC,,,,,,,,,,,,
1128,1128,GALLEDA,,,,,,,,,,,,
1129,1129,SEGLE,,,,,,,,,,,,
1130,1130,SEGON,,,,,,,,,,,,
1131,1131,SEGON,,,,,,,,,,,,
1132,1132,SEGONS,,,,,,,,,,,,
1133,1133,SEGUR,,,,,,,,,,,,
1134,1134,SETZE,,,,,,,,,,,,
1135,1135,SEURE,,,,,,,,,,,,
1136,1136,ASSEURE’S,,,,,,,,,,,,
1137,1137,SEIENT,,,,,,,,,,,,
1138,1138,SEGELL,,,,,,,,,,,,
1139,1139,SENYAL,,,,,,,,,,,,
1140,1140,CADIRA,,,,,,,,,,,,
1141,1141,BOSC,,,,,,,,,,,,
1142,1142,SEMÀFOR,,,,,,,,,,,,
1143,1143,SEMBLAR,,,,,,,,,,,,
1144,1144,ASSEMBLAR-SE,,,,,,,,,,,,
1145,1145,LLAVOR,,,,,,,,,,,,
1146,1146,SEMPRE,,,,,,,,,,,,
1147,1147,SENSE,,,,,,,,,,,,
1148,1148,ESQUERRA,,,,,,,,,,,,
1149,1149,ESQUERRE,,,,,,,,,,,,
1150,1150,SENYORA,,,,,,,,,,,,
1151,1151,SENYOR,,,,,,,,,,,,
1152,1152,SENYORETA,,,,,,,,,,,,
1153,1153,SENYORET,,,,,,,,,,,,
1154,1154,PIT,,,,,,,,,,,,
1155,1155,SENTIT,,,,,,,,,,,,
1156,1156,SENTIR,,,,,,,,,,,,
1157,1157,SENTIR-SE,,,,,,,,,,,,
1158,1158,SETANTA,,,,,,,,,,,,
1159,1159,SET,,,,,,,,,,,,
1160,1160,SETMANA,,,,,,,,,,,,
1161,1161,SETEMBRE,,,,,,,,,,,,
1162,1162,SETÈ,,,,,,,,,,,,
1163,1163,SEGÜENT,,,,,,,,,,,,
1164,1164,SEGUIR,,,,,,,,,,,,
1165,1165,CAPVESPRE,,,,,,,,,,,,
1166,1166,SERP,,,,,,,,,,,,
1167,1167,SERRA,,,,,,,,,,,,
1168,1168,SERVIR,,,,,,,,,,,,
1169,1169,SERVEI,,,,,,,,,,,,
1170,1170,SET,,,,,,,,,,,,
1171,1171,SIS,,,,,,,,,,,,
1172,1172,SEIXANTA,,,,,,,,,,,,
1173,1173,SEXE,,,,,,,,,,,,
1174,1174,SISÈ,,,,,,,,,,,,
1175,1175,SI,,,,,,,,,,,,
1176,1176,SÍ,,,,,,,,,,,,
1177,1177,SI,,,,,,,,,,,,
1178,1178,ENCARA QUE,,,,,,,,,,,,
1179,1179,SIGNIFICAR,,,,,,,,,,,,
1180,1180,SIMPÀTIC,,,,,,,,,,,,
1181,1181,SOTA,,,,,,,,,,,,
1182,1182,SOFÀ,,,,,,,,,,,,
1183,1183,BUFAR,,,,,,,,,,,,
1184,1184,SOLDAT,,,,,,,,,,,,
1185,1185,SOL,,,,,,,,,,,,
1186,1186,SOLER,,,,,,,,,,,,
1187,1187,SÒLID,,,,,,,,,,,,
1188,1188,SOL,,,,,,,,,,,,
1189,1189,NOMÉS,,,,,,,,,,,,
1190,1190,TERRA,,,,,,,,,,,,
1191,1191,SUMA,,,,,,,,,,,,
1192,1192,SON,,,,,,,,,,,,
1193,1193,SOMNI,,,,,,,,,,,,
1194,1194,SO,,,,,,,,,,,,
1195,1195,SEU,,,,,,,,,,,,
1196,1196,SEU,,,,,,,,,,,,
1197,1197,SOPA,,,,,,,,,,,,
1198,1198,SUPRIMIR,,,,,,,,,,,,
1199,1199,DAMUNT,,,,,,,,,,,,
1200,1200,SORD,,,,,,,,,,,,
1201,1201,GERMANA,,,,,,,,,,,,
1202,1202,SORPRENDRE,,,,,,,,,,,,
1203,1203,SORPRESA,,,,,,,,,,,,
1204,1204,SUSPENDRE,,,,,,,,,,,,
1205,1205,ESTACIÓ,,,,,,,,,,,,
1206,1206,ESTUDIANT,,,,,,,,,,,,
1207,1207,ESTUDIAR,,,,,,,,,,,,
1208,1208,SUCRE,,,,,,,,,,,,
1209,1209,SUCCEIR,,,,,,,,,,,,
1210,1210,ÈXIT,,,,,,,,,,,,
1211,1211,SUC,,,,,,,,,,,,
1212,1212,SUC,,,,,,,,,,,,
1213,1213,SUD,,,,,,,,,,,,
1214,1214,SUFICIENT,,,,,,,,,,,,
1215,1215,PROU,,,,,,,,,,,,
1216,1216,XUCLAR,,,,,,,,,,,,
1217,1217,SUPERMERCAT,,,,,,,,,,,,
1218,1218,SUPOSAR,,,,,,,,,,,,
1219,1219,AMUNT,,,,,,,,,,,,
1220,1220,CALLAR,,,,,,,,,,,,
1221,1221,TAL,,,,,,,,,,,,
1222,1222,TALLAR,,,,,,,,,,,,
1223,1223,TANT,,,,,,,,,,,,
1224,1224,TANT,,,,,,,,,,,,
1225,1225,CATIFA,,,,,,,,,,,,
1226,1226,TARDAR,,,,,,,,,,,,
1227,1227,TARD,,,,,,,,,,,,
1228,1228,TASSA,,,,,,,,,,,,
1229,1229,TAULA,,,,,,,,,,,,
1230,1230,PISSARRA,,,,,,,,,,,,
1231,1231,BRAU,,,,,,,,,,,,
1232,1232,TAXI,,,,,,,,,,,,
1233,1233,ET,,,,,,,,,,,,
1234,1234,ET,,,,,,,,,,,,
1235,1235,TE,,,,,,,,,,,,
1236,1236,TEATRE,,,,,,,,,,,,
1237,1237,SOSTRE,,,,,,,,,,,,
1238,1238,TEULADA,,,,,,,,,,,,
1239,1239,TELA,,,,,,,,,,,,
1240,1240,TELEFONAR,,,,,,,,,,,,
1241,1241,TELÈFON,,,,,,,,,,,,
1242,1242,TELEVISIÓ,,,,,,,,,,,,
1243,1243,TÉMER,,,,,,,,,,,,
1244,1244,TEMPS,,,,,,,,,,,,
1245,1245,TEMPS,,,,,,,,,,,,
1246,1246,SOSTENIR,,,,,,,,,,,,
1247,1247,TENNIS,,,,,,,,,,,,
1248,1248,TERRA,,,,,,,,,,,,
1249,1249,TERRA,,,,,,,,,,,,
1250,1250,TERRASSA,,,,,,,,,,,,
1251,1251,TERCER,,,,,,,,,,,,
1252,1252,TU,,,,,,,,,,,,
1253,1253,TIA,,,,,,,,,,,,
1254,1254,TIGRE,,,,,,,,,,,,
1255,1255,ONCLE,,,,,,,,,,,,
1256,1256,TOCAR,,,,,,,,,,,,
1257,1257,TOMÀQUET,,,,,,,,,,,,
1258,1258,TEU,,,,,,,,,,,,
1259,1259,TEU,,,,,,,,,,,,
1260,1260,TORNAR A,,,,,,,,,,,,
1261,1261,TORNAR,,,,,,,,,,,,
1262,1262,VOLTANT,,,,,,,,,,,,
1263,1263,AIXETA,,,,,,,,,,,,
1264,1264,TORRE,,,,,,,,,,,,
1265,1265,PASTÍS,,,,,,,,,,,,
1266,1266,TOT,,,,,,,,,,,,
1267,1267,TOT,,,,,,,,,,,,
1268,1268,TRACTAR,,,,,,,,,,,,
1269,1269,TRACTOR,,,,,,,,,,,,
1270,1270,TIRAR,,,,,,,,,,,,
1271,1271,TRANQUIL,,,,,,,,,,,,
1272,1272,TRETZE,,,,,,,,,,,,
1273,1273,TREN,,,,,,,,,,,,
1274,1274,TRENTA,,,,,,,,,,,,
1275,1275,TRES,,,,,,,,,,,,
1276,1276,TRIST,,,,,,,,,,,,
1277,1277,TROMPETA,,,,,,,,,,,,
1278,1278,TRONC,,,,,,,,,,,,
1279,1279,MASSA,,,,,,,,,,,,
1280,1280,MASSA,,,,,,,,,,,,
1281,1281,TU,,,,,,,,,,,,
1282,1282,TÚNEL,,,,,,,,,,,,
1283,1283,DARRER,,,,,,,,,,,,
1284,1284,ÚNIC,,,,,,,,,,,,
1285,1285,UNIR,,,,,,,,,,,,
1286,1286,UNIVERSITAT,,,,,,,,,,,,
1287,1287,UN,,,,,,,,,,,,
1288,1288,UN,,,,,,,,,,,,
1289,1289,USAR,,,,,,,,,,,,
1290,1290,ÚTIL,,,,,,,,,,,,
1291,1291,RAÏM,,,,,,,,,,,,
1292,1292,VACANCES,,,,,,,,,,,,
1293,1293,VACA,,,,,,,,,,,,
1294,1294,BUIT,,,,,,,,,,,,
1295,1295,VALER,,,,,,,,,,,,
1296,1296,MALETA,,,,,,,,,,,,
1297,1297,VALL,,,,,,,,,,,,
1298,1298,VALOR,,,,,,,,,,,,
1299,1299,VEGADA,,,,,,,,,,,,
1300,1300,VELL,,,,,,,,,,,,
1301,1301,VELL,,,,,,,,,,,,
1302,1302,COTXE,,,,,,,,,,,,
1303,1303,VEURE,,,,,,,,,,,,
1304,1304,VEURE’S,,,,,,,,,,,,
1305,1305,VELA,,,,,,,,,,,,
1306,1306,GUANYAR,,,,,,,,,,,,
1307,1307,VENDRE,,,,,,,,,,,,
1308,1308,DIVENDRES,,,,,,,,,,,,
1309,1309,VENIR,,,,,,,,,,,,
1310,1310,VENT,,,,,,,,,,,,
1311,1311,PANXA,,,,,,,,,,,,
1312,1312,VERD,,,,,,,,,,,,
1313,1313,VERDURA,,,,,,,,,,,,
1314,1314,1,,,,,,,,,,,,
1315,1315,CUC,,,,,,,,,,,,
1316,1316,CAP A,,,,,,,,,,,,
1317,1317,VESTIT,,,,,,,,,,,,
1318,1318,ROBA,,,,,,,,,,,,
1319,1319,PEÇA,,,,,,,,,,,,
1320,1320,VESTIR,,,,,,,,,,,,
1321,1321,VESTIR-SE,,,,,,,,,,,,
1322,1322,GOT,,,,,,,,,,,,
1323,1323,CINTA,,,,,,,,,,,,
1324,1324,CARRER,,,,,,,,,,,,
1325,1325,CARRETERA,,,,,,,,,,,,
1326,1326,VIA,,,,,,,,,,,,
1327,1327,VIATGE,,,,,,,,,,,,
1328,1328,VIATGER,,,,,,,,,,,,
1329,1329,VIATJAR,,,,,,,,,,,,
1330,1330,VINT,,,,,,,,,,,,
1331,1331,GRANJA,,,,,,,,,,,,
1332,1332,POBLE,,,,,,,,,,,,
1333,1333,VI,,,,,,,,,,,,
1334,1334,MORAT,,,,,,,,,,,,
1335,1335,VISITAR,,,,,,,,,,,,
1336,1336,VISTA,,,,,,,,,,,,
1337,1337,VIDA,,,,,,,,,,,,
1338,1338,VIURE,,,,,,,,,,,,
1339,1339,VIU,,,,,,,,,,,,
1340,1340,LLEST,,,,,,,,,,,,
1341,1341,VEU,,,,,,,,,,,,
1342,1342,VOLAR,,,,,,,,,,,,
1343,1343,VOLER,,,,,,,,,,,,
1344,1344,GANA,,,,,,,,,,,,
1345,1345,GUINEU,,,,,,,,,,,,
1346,1346,VOLTA,,,,,,,,,,,,
1347,1347,VOMITAR,,,,,,,,,,,,
1348,1348,VOSALTRES,,,,,,,,,,,,
1349,1349,VOSTÈ,,,,,,,,,,,,
1350,1350,US,,,,,,,,,,,,
1351,1351,US,,,,,,,,,,,,
1352,1352,VOSTRE,,,,,,,,,,,,
1353,1353,VOSTRE,,,,,,,,,,,,
1354,1354,ZERO,,,,,,,,,,,,
