NEOLATINO,CAT. GRAM.,PORTUGHESE,CASTELLANO,CATALANO,FRANCESE,ITALIANO,RUMÈNO
ACCÈNDERE,vt,ACENDER,ENCENDER,ENCENDRE,ALLUMER,ACCENDERE,APRINDE
ACCIDÈNTE,sm,ACIDENTE,ACCIDENTE,ACCIDENT,ACCIDENT,INCIDENTE,ACCIDENT
ACCÒRDO,adv,ACORDO,ACUERDO,ACORD,ACCORD ,ACCORDO,ACORD
ACO,sm,AGULHA,AGUJA,AGULLA,AIGUILLE,AGO,AC
ACORA,adv,AGORA,AHORA,ARA,MAINTENANT,ADESSO,ACUM
ACRO,adj,AGRO,AGRIO,AGRE,AIGRE,AGRO,ACRU
ACTIONE,sf,AÇÃO,ACCIÓN,ACCIÓ,ACTION,AZIONE,ACŢIUNE
ACTUALE,adj,ATUAL,ACTUAL,ACTUAL,ACTUEL,ATTUALE,ACTUAL
AD,prep,A,A,A,À,A,LA
AD LO,prep + art,AO,AL,AL,AU,AL,
ADANTE,prep,ADIANTE,ADELANTE,AVANT,EN AVANT,AVANTI,ÎNAINTE
ADDÈO,inter,ADEUS,ADIÓS,ADÉU,ADIEU,ADDIO,ADIO
ADDORMIRE-SE,vr,ADORMECER,DORMIRSE,ADORMIR-SE,S'ENDORMIR ,ADDORMENTARSI,ADORMI
ADENTRO,prep,ADENTRO,ADENTRO,DINS,DEDANS,DENTRO,ÎNĂUNTRU
ADÍ,adv,AÍ,AHÍ,AQUÍ,LÀ,LÌ,ACOLO
ADONDE,adv,AONDE,ADÓNDE,ON,OÙ,DOVE,ÎNCOTRO
ÀERE,sm,AR,AIRE,AIRE,AIR,ARIA,AER
AEROPLANO,sm,AVIÃO,AVIÓN,AVIÓ,AVION,AEREO,AVION
AEROPÒRTO,sm,AEROPORTO,AEROPUERTO,AEROPORT,AÉROPORT,AEROPORTO,AEROPORT
AFFILATO,adj,AFIADO,AFILADO,AGUT,TRANCHANT,AFFILATO,ASCUŢIT
­AFFÒRA,prep,FORA,AFUERA,FORA,DEHORS,FUORI,AFARĂ
AGGRATÀBILE,adj,AGRADÁVEL,AGRADABLE,AGRADABLE,AGRÉABLE,GRADEVOLE,AGREABIL
AGNO,sm,CORDEIRO,CORDERO,ANYELL,AGNEAU,AGNELLO,MIEL
AGOSTO,sm,AGOSTO,AGOSTO,AGOST,AOÛT,AGOSTO,AUGUST
AJJUTARE,vt,AJUDAR,AYUDAR,AJUDAR,AIDER,AIUTARE,AJUTA
ALA,sf,ASA,ALA,ALA,AILE,ALA,ARIPĂ
ALECRARE-SE,vr,ALEGRIA,ALEGRARSE,ALEGRAR-SE,SE RÉJOUIR ,RALLEGRARSI,BUCURA
ALÈCRE,adj,ALEGRE,ALEGRE,ALEGRE,GAI,ALLEGRO,VESEL
ALIMÈNTO,sm,COMIDA,COMIDA,MENJAR,NOURRITURE,CIBO,MÂNCARE
ALLORA,adv,ENTÃO,ENTONCES,ALESHORES,ALORS,ALLORA,ATUNCI
ALTO,adj,ALTO,ALTO,ALT,HAUT,ALTO,ÎNALT
ALTO,prep (adv),ACIMA,ARRIBA,DALT,HAUT ,SOPRA,SUS
ALTRO,adj,OUTRO,OTRO,ALTRE,AUTRE,ALTRO,ALT
ALTROS,adj,DEMAIS,DEMÁS,ALTRES,AUTRES,ALTRI,ALŢI
ALTROSÍ,adv,TAMBÉM,TAMBIÉN,TAMBÉ,AUSSI,ANCHE,ASEMENEA
ALTROSÍ,adv,TÃO-POUCO,TAMPOCO,TAMPOC,NON PLUS,NEANCHE,NICI CUM
AMÀBILE,adj,AMÁVEL,AMABLE,AMABLE,AIMABLE,AMABILE,AMABIL
AMARE,vt,AMAR,AMAR,ESTIMAR,AIMER,AMARE,IUBI
AMICO,sm,AMIGO,AMIGO,AMIC,AMI,AMICO,PRIETEN
AMMÒRDZO,sm,ALMOÇO,ALMUERZO,ESMORZAR,DÉJEUNER,COLAZIONE,DEJUN
AMORE,sm,AMOR,AMOR,AMOR,AMOUR,AMORE,IUBIRE
ÀNATE,sm,PATO,PATO,ÀNEC,CANARD,ANATRA,RAŢĂ
ANCORA,adv,AINDA,AÚN,ENCARA,ENCORE,ANCORA,ÎNCĂ
ANDARE,vi,ANDAR,ANDAR,CAMINAR,MARCHER,ANDARE,MERGE
ANÈLLO,sm,ARO,ARO,RUTLLA,ANNEAU,ANELLO,CERC
ÀNGOLO,sm,ESQUINA,ESQUINA,CANTONADA,COIN,ANGOLO,COLŢ
ÀNIMA,sf,ALMA,ALMA,ÀNIMA,ÂME,ANIMA,SUFLET
ANIMALE,sm,ANIMAL,ANIMAL,ANIMAL,ANIMAL,ANIMALE,ANIMAL
ANNA,sf,ANA,ANA,ANNA,ANNE,ANNA,ANA
ANNO,sm,ANO,AÑO,ANY,AN,ANNO,AN
ANTE,prep (adv),ANTES,ANTES,ABANS,AVANT,PRIMA,ÎNAINTE
ANTE,prep (adv),ANTE,ANTE,DAVANT,DEVANT,INNANZI,ÎNAINTEA
ANTEHÈRE,adv,ANTEONTEM,ANTEAYER,ABANS-D’AHIR,AVANT-HIER,AVANTIERI,ALALTĂIERI
ANTERIORE,adj,ANTERIOR,ANTERIOR,ANTERIOR,ANTÉRIEUR,ANTERIORE,ANTERIOR
ANTICO,adj,ANTIGO,ANTIGUO,ANTIC,ANCIEN,ANTICO,ANTIC
APE,sf,ABELHA,ABEJA,ABELLA,ABEILLE,APE,ALBINĂ
APÈRTO,adj,ABERTO,ABIERTO,OBERT,OUVERT,APERTO,DESCHIS
APPARERE,vi,APARECER,APARECER,APARÈIXER,APPARAÎTRE,APPARIRE,APĂREA
APPARTAMÈNTO,sm,APARTAMENTO,APARTAMENTO,PIS,APPARTEMENT,APPARTAMENTO,APARTAMENT
APPRÈNDERE,vt,APRENDER,APRENDER,APRENDRE,APPRENDRE,IMPARARE,ÎNVĂŢA
APRILE,sm,ABRIL,ABRIL,ABRIL,AVRIL,APRILE,APRILIE
APRIRE,vt,ABRIR,ABRIR,OBRIR,OUVRIR,APRIRE,DESCHIDE
AQUA,sf,ÁGUA,AGUA,AIGUA,EAU,ACQUA,APĂ
ÀQUILA,sf,ÁGUIA,ÁGUILA,ÀGUILA,AIGLE,AQUILA,VULTUR
ÀRBORE,sm,ÁRVORE,ÁRBOL,ARBRE,ARBRE,ALBERO,ARBORE
ARCO,sm,ARCO,ARCO,ARC,ARC,ARCO,ARC
ARCO EN CÈLO,sm,ARCO-ÍRIS,ARCO IRIS,ARC DE SANT MARTÍ,ARC-EN-CIEL,ARCOBALENO,CURCUBEU
ARDERE,vt,QUEIMAR,QUEMAR,CREMAR,BRÛLER ,BRUCIARE,ARDE
ARENA,sf,AREIA,ARENA,SORRA,SABLE,SABBIA,NISIP
ARGÈNTO,sm,PRATA,PLATA,ARGENT,ARGENT,ARGENTO,ARGINT
ARMARIO,sm,ARMÁRIO,ARMARIO,ARMARI,ARMOIRE,ARMADIO,DULAP
ARRESTARE,vti,PARAR,PARAR,PARAR,ARRÊTER,FERMARE,OPRI
ARRESTARE-SE,vr,DETER-SE,DETENERSE,DETENIR-SE,ARRÊTER ,ARRESTARSI,OPRI
ARRÈTRO,prep,ATRÁS,ATRÁS,ENDARRERE,ARRIÈRE ,INDIETRO,ÎNAPOI
ARRIPARE,vi,CHEGAR,LLEGAR,ARRIBAR,ARRIVER,ARRIVARE,SOSI
ARTE,sf,ARTE,ARTE,ART,ART,ARTE,ARTĂ
ARTISTA,sm,ARTISTA,ARTISTA,ARTISTA,ARTISTE,ARTISTA,ARTIST
ASCÈNDERE,vi,SUBIR,SUBIR,PUJAR,MONTER,SALIRE,URCA
ASCÈNDERE,vt,SUBIR,SUBIR,APUJAR,MONTER,SALIRE,SUI
ASCENSORE,sm,ELEVADOR,ASCENSOR,ASCENSOR,ASCENSEUR,ASCENSORE,ASCENSOR
ASCOLTARE,vt,ESCUTAR,ESCUCHAR,ESCOLTAR,ÉCOUTER,ASCOLTARE,ASCULTA
ASSATES,adj,BASTANTE,BASTANTE,PROU,SUFFISANT,ALQUANTO,DESTUL
ASSÎA,sf,MACHADO,HACHA,DESTRAL,HACHE ,ASCIA,SECURE
ATTENTIONE,sf,ATENÇÃO,ATENCIÓN,ATENCIÓ,ATTENTION,ATTENZIONE,ATENŢIE
AUCÈLLO,sm,PÁSSARO,PÁJARO,OCELL,OISEAU,UCCELLO,PASĂRE
AUCTORE,sm,AUTOR,AUTOR,AUTOR,AUTEUR,AUTORE,AUTOR
AUDIRE,vt,OUVIR,OÍR,SENTIR,ENTENDRE,UDIRE,AUZI
AUDITO,sm,OUVIDO,OÍDO,OÏDA,OUÏE,UDITO,AUZ
AURECLA,sf,ORELHA,OREJA,ORELLA,OREILLE,ORECCHIO,URECHE
AURO,sm,OURO,ORO,OR,OR,ORO,AUR
AUT,conj,OU,O,O,OU,O,SAU
AUTOBUSE,sm,AUTOCARRO,AUTOBÚS,AUTOBÚS,AUTOBUS,AUTOBUS,AUTOBUZ
AUTOMNO,sm,OUTONO,OTOÑO,TARDOR,AUTOMNE,AUTUNNO,TOAMNĂ
AUTOMÒBILE,sf,AUTOMÓVEL,AUTOMÓVIL,AUTOMÒBIL,AUTOMOBILE,AUTOMOBILE,AUTOMOBIL
AVIA,sf,AVÓ,ABUELA,ÀVIA,GRAND-MÈRE,NONNA,BUNICĂ
AVO,sm,AVÔ,ABUELO,AVI,GRAND-PÈRE,NONNO,BUNIC
BALCONE,sm,VARANDA,BALCÓN,BALCÓ,BALCON,BALCONE,BALCON
BALLARE,vi,DANÇAR,BAILAR,BALLAR,DANSER,BALLARE,DANSA
BALLONE,sm,BOLA,BALÓN,PILOTA,BALLON,PALLONE,BALON
BALLONE,sm,BALÃO,GLOBO,BLOBUS,BALLON,PALLONE,BALON
BANANA,sf,BANANA,PLÁTANO,BANANA,BANANE,BANANA,BANANĂ
BANCA,sf,BANCO,BANCO,BANC,BANQUE,BANCA,BANCĂ
BANCO,sm,BANCO,BANCO,BANC,BANC,PANCA,BANCĂ
BANNÎARE-SE,vr,BANHAR-SE,BAÑARSE,BANYAR-SE,SE BAIGNER ,FARE IL BAGNO,SCĂLDA
BANNÎO,sm,BANHO,BAÑO,BANY,BAIN,BAGNO,BAIE
BARBA,sf,BARBA,BARBA,BARBA,BARBE,BARBA,BARBĂ
BARCA,sf,BARCA,BARCA,BARCA,BARQUE,BARCA,BARCĂ
BARE,sm,BAR,BAR,BAR,BAR,BAR,BAR
BASCHETBOLE,sm,BASQUETEBOL,BALONCESTO,BÀSQUET,BASKET-BALL,PALLACANESTRO,BASCHET
BASSÎARE,vi,ABAIXAR,BAJAR,BAIXAR,DESCENDRE,SCENDERE,COBORÎ
BASSÎARE,vt,BAIXAR,BAJAR,ABAIXAR,DESCENDRE,ABBASSARE,SCĂDEA
BASSO,adj,BAIXO,BAJO,BAIX,BAS,BASSO,JOS
BASSO,prep (adv),ABAIXO,DEBAJO,BAIX,BAS ,SOTTO,JOS
BASTARE,vi,BASTAR,BASTAR,BASTAR,SUFFIRE,BASTARE,DESTUL
BEBÉ,sm,BEBÉ,BEBÉ,BEBÈ,BÉBÉ,BEBÈ,BEBELUŞ
BELANCÎARIA,sf,BALOIÇO,COLUMPIO,GRONXADOR,BALANÇOIRE,ALTALENA,LEAGĂN
BÈLLO,adj,BONITO,BONITO,MACO,JOLI,CARINO,DRĂGUŢ
BÈNE,adv,BEM,BIEN,BÉ,BIEN,BENE,BINE
BERRETTO,sm,BONÉ,GORRA,GORRA,CASQUETTE,BERRETTO,BONEŢĂ
BÉVERE,vt,BEBER,BEBER,BEURE,BOIRE,BERE,BEA
BIBLIOTÈCA,sf,BIBLIOTECA,BIBLIOTECA,BIBLIOTECA,BIBLIOTHÈQUE,BIBLIOTECA,BIBLIOTECĂ
BICICLETTA,sf,BICICLETA,BICICLETA,BICICLETA,BICYCLETTE,BICICLETTA,BICICLETĂ
BILLETTO,sm,NOTA,BILLETE,BITLLET,BILLET,BANCONOTA,BANCNOTĂ
BISCÒCTO,sm,BOLACHA,GALLETA,GALETA,BISCUIT SEC,BISCOTTO,PESMET
BLANCO,adj,BRANCO,BLANCO,BLANC,BLANC,BIANCO,ALB
BLAVO,adj,AZUL,AZUL,BLAU,BLEU,AZZURRO,ALBASTRU
BLUSA,sf,BLUSA,BLUSA,BRUSA,BLOUSE,BLUSA,BLUZĂ
BOCCA,sf,BOCA,BOCA,BOCA,BOUCHE,BOCCA,GURĂ
BÒNO,adj,BOM,BUENO,BO,BON,BUONO,BUN
BÒNO MERCATO,adj,BARATO,BARATO,BARAT,BON MARCHÉ,MERCATO,IEFTIN
BORSA DE MANO,sf,CARTEIRA,BOLSO,BOSSA DE MÀ,SAC À MAIN,BORSETTA,POŞETĂ
BORSA,sf,SACO,BOLSA,BOSSA,BOURSE,BORSA,PUNGĂ
BOTTA,sf,BOTA,BOTA,BOTA,BOTTE,STIVALE,CIZMĂ
BOTTECLA,sf,GARRAFA,BOTELLA,AMPOLLA,BOUTEILLE,BOTTIGLIA,STICLĂ
BOTTONE,sm,BOTÃO,BOTÓN,BOTÓ,BOUTON,BOTTONE,NASTURE
BRACCÎO,sm,BRAÇO,BRAZO,BRAÇ,BRAS,BRACCIO,BRAŢ
BROTSA,sf,ESCOVA,CEPILLO,RASPALL,BROSSE,SPAZZOLA,PERIE
BUTIRRO,sm,MANTEIGA,MANTEQUILLA,MANTEGA,BEURRE,BURRO,UNT
CABBIA,sf,GAIOLA,JAULA,GÀBIA,CAGE,GABBIA,COLIVIE
CACARE,vi,CAGAR,CAGAR,CAGAR,CHIER,CACARE,CĂCA
CADERE,vi,CAIR,CAER,CAURE,TOMBER,CADERE,CĂDEA
CAFFÈ,sm,CAFÉ,CAFÉ,CAFÈ,CAFÉ,CAFFÈ,CAFEA
CALCETTA,sf,PEÚGA,CALCETÍN,MITJÓ,CHAUSSETTE,CALZINO,ŞOSETĂ
CALCÎA,sf,MEIA,MEDIA,MITJA,BAS,CALZA,CIORAP
CALCÎO,sm,SAPATO,ZAPATO,SABATA,SOULIER,SCARPA,PANTOF
CALDO,adj,QUENTE,CALIENTE,CALENT,CHAUD,CALDO,CALD
CALENDARIO,sm,CALENDÁRIO,CALENDARIO,CALENDARI,CALENDRIER,CALENDARIO,CALENDAR
CÀLIDO,adj,CALOROSO,CÁLIDO,CÀLID,CHAUD,CALDO,CĂLDUROS
CALORE,sm,CALOR,CALOR,CALOR,CHALEUR,CALORE,CĂLDURĂ
CAMBA,sf,PERNA,PIERNA,CAMA,JAMBE,GAMBA,PICIOR
CAMBIARE,vt,TROCAR,CAMBIAR,CANVIAR,CHANGER,CAMBIARE,SCHIMBA
CAMBIO,sm,TROCA,CAMBIO,CANVI,ÉCHANGE,SCAMBIO,SCHIMBARE
CÀMERA,sf,QUARTO,HABITACIÓN,CAMBRA,PIÈCE,CAMERA,CAMERĂ
CÀMERA DE BANNÎO,sf,QUARTO DE BANHO,CUARTO DE BAÑO,CAMBRA DE BANY,SALLE DE BAINS,STANZA DE BAGNO,BAIE
CÀMERA DE SERVITIO,sf,LAVABO,LAVABO,LAVABO,CABINET DE TOILETTE,LAVABO,LAVABOU
CAMINO,sm,CHAMINÉ,CHIMENEA,XEMENEIA,FOYER,CAMINO,CĂMIN
CAMIONE,sm,CAMIÃO,CAMIÓN,CAMIÓ,CAMION,AUTOCARRO,CAMION
CAMISÎA,sf,CAMISA,CAMISA,CAMISA,CHEMISE,CAMICIA,CĂMAŞĂ
CAMMINO,sm,CAMINHO,CAMINO,CAMÍ,CHEMIN,STRADA,DRUM
CAMPANÈLLA,sf,CAMPAINHA,TIMBRE,TIMBRE,SONNETTE,CAMPANELLO,SONERIE
CAMPO,sm,CAMPO,CAMPO,CAMP,CHAMP,CAMPO,CÂMP
CANDELA,sf,VELA,VELA,ESPALMA,BOUGIE,CANDELA,LUMÂNARE
CANE,sm,CÃO,PERRO,GOS,CHIEN,CANE,CÂINE
CANNÎA,sf,CADELA,PERRA,GOSSA,CHIENNE,CAGNA,CĂŢEA
CANTARE,vti,CANTAR,CANTAR,CANTAR,CHANTER,CANTARE,CÂNTA
CANTSONE,sf,CANÇÃO,CANCIÓN,CANÇÓ,CHANSON,CANZONE,CÂNTEC
CAPACE,adj,CAPAZ,CAPAZ,CAPAÇ,CAPABLE,CAPACE,CAPABIL
CAPELLO,sm,CABELO,CABELLO,CABELL,CHEVEU,CAPELLO,PĂR
CÀPERE,vi,CABER,CABER,CABRE,CONTENIR,STARCI,ÎNCĂPEA
CAPO,sm,CABEÇA,CABEZA,CAP,TÊTE,TESTA,CAP
CAPO,sm,CHEFE,JEFE,CAP,CHEF,CAPO,ŞEF
CAPPÈLLO,sm,CHAPÉU,SOMBRERO,BARRET,CHAPEAU,CAPPELLO,PĂLĂRIE
CAPRA,sf,CABRA,CABRA,CABRA,CHÈVRE,CAPRA,CAPRĂ
CARÀCTERE,sm,CARÁCTER,CARÁCTER,CARÀCTER,CARACTÈRE,CARATTERE,CARACTER
CARNE,sf,CARNE,CARNE,CARN,CHAIR ,CARNE,CARNE
CARO,adj,CARO,CARO,CAR,CHER,CARO,SCUMP
CARTA,sf,CARTA,CARTA,CARTA,CARTE,CARTA,CARTE
CASA MUNICIPALE,sf,CÂMARA MUNICIPAL,AYUNTAMIENTO,AJUNTAMENT,MAIRIE,MUNICIPIO,PRIMĂRIE
CASA,sf,CASA,CASA,CASA,MAISON,CASA,CASĂ
CASÎO,sm,QUEIJO,QUESO,FORMATGE,FROMAGE,FORMAGGIO,BRÂNZĂ
CASO,sm,CASO,CASO,CAS,CAS,CASO,CAZ
CASSA,sf,CAIXA,CAJA,CAPSA,BOÎTE,SCATOLA,CUTIE
CASSETTA,sf,GAVETA,CAJÓN,CALAIX,TIROIR,CASSETTO,SERTAR
CASTELLANO,sm,ESPANHOL,CASTELLANO,CASTELLÀ,ESPAGNOL,SPAGNOLO,SPANIOLĂ
CASTÈLLO,sm,CASTELO,CASTILLO,CASTELL,CHÂTEAU,CASTELLO,CASTEL
CATA,adj,CADA,CADA,CADA,CHAQUE,OGNI,FIECARE
CATALANO,sm,CATALÃO,CATALÁN,CATALÀ,CATALAN,CATALANO,CATALANĂ
CATTO,sm,GATO,GATO,GAT,CHAT,GATTO,PISICĂ
CATTSARE,vt,CAÇAR,CAZAR,CAÇAR,CHASSER,CACCIARE,VÂNA
CAUDA,sf,RABO,RABO,CUA,QUEUE,CODA,COADĂ
CAUSA,sf,COISA,COSA,COSA,CHOSE,COSA,LUCRU
CÀUSA,sf,CAUSA,CAUSA,CAUSA,CAUSE,CAUSA,CAUZĂ
CAVALLO,sm,CAVALO,CABALLO,CAVALL,CHEVAL,CAVALLO,CAL
CAVARE,vt,CAVAR,CAVAR,CAVAR,CREUSER,SCAVARE,SĂPA
CAVÈRNA,sf,COVA,CUEVA,COVA,GROTTE,GROTTA,PEŞTERĂ
CÈCO,adj,CEGO,CIEGO,CEC,AVEUGLE,CIECO,ORB
CÈLO,sm,CÉU,CIELO,CEL,CIEL,CIELO,CER
CENA,sf,JANTAR,CENA,SOPAR,DÎNER,CENA,CINĂ
CENARE,vti,JANTAR,CENAR,SOPAR,DÎNER,CENARE,CINA
CÉNERE,sf,CINZA,CENIZA,CENDRA,CENDRE,CENERE,CENUŞĂ
CÈNTO,adj,CEM,CIEN,CENT,CENT,CENTO,SUTĂ
CÈNTRO,sm,CENTRO,CENTRO,CENTRE,CENTRE,CENTRO,CENTRU
CERCARE,vt,PROCURAR,BUSCAR,BUSCAR,CHERCHER,CERCARE,CĂUTA
CERÈSÎA,sf,CEREJA,CEREZA,CIRERA,CERISE,CILIEGIA,CIREAŞĂ
CÈRTO,adj,CERTO,CIERTO,CERT,CERTAIN,CERTO,CERT
CERVESÎA,sf,CERVEJA,CERVEZA,CERVESA,BIÈRE,BIRRA,BERE
CHITARRA,sf,VIOLÃO,GUITARRA,GUITARRA,GUITARE,CHITARRA,CHITARĂ
CIGARRETTO,sm,CIGARRO,CIGARRILLO,CIGARRETA,CIGARETTE,SIGARETTA,ŢIGARĂ
CÍNEMA,sm,CINEMA,CINE,CINEMA,CINÉMA,CINEMA,CINEMA
CINQUANTA,adj,CINQUENTA,CINCUENTA,CINQUANTA,CINQUANTE,CINQUANTA,CINCIZECI
CINQUE,adj,CINCO,CINCO,CINC,CINQ,CINQUE,CINCI
CÎOCOLATE,sm,CHOCOLATE,CHOCOLATE,XOCOLATA,CHOCOLAT,CIOCCOLATO,CIOCOLATĂ
CIVTATE,sf,CIDADE,CIUDAD,CIUTAT,VILLE,CITTÀ,ORAŞ
CLAMARE,vt,CHAMAR,LLAMAR,CRIDAR,APPELER,CHIAMARE,CHEMA
CLAMARE-SE,vr,CHAMAR-SE,LLAMARSE,DIR-SE,S'APPELER ,CHIAMARSI,NUMI
CLARO,adj,CLARO,CLARO,CLAR,CLAIR,CHIARO,CLAR
CLASSE,sf,CLASSE,CLASE,CLASSE,CLASSE,CLASSE,CLASĂ
CLÀUDERE,vt,CERRAR,CERRAR,TANCAR,FERMER,CHIUDERE,ÎNCHIDE
CLAUSO,adj,FECHADO,CERRADO,TANCAT,FERMÉ,CHIUSO,ÎNCHIS
CLAVE,sf,CHAVE,LLAVE,CLAU,CLEF,CHIAVE,CHEIE
CLAVO,sm,PREGO,CLAVO,CLAU,CLOU,CHIODO,CUI
CLIMA,sm,CLIMA,CLIMA,CLIMA,CLIMAT,CLIMA,CLIMĂ
COCINA,sf,COZINHA,COCINA,CUINA,CUISINE,CUCINA,BUCĂTĂRIE
COGNOME,sm,APELIDO,APELLIDO,COGNOM,NOM DE FAMILLE,COGNOME,NUME DE FAMILIE
COLLÉGERE,vt,AGARRAR,COGER,AGAFAR,PRENDRE,PRENDERE,APUCA
COLLÍ,adv,LÁ,ALLÁ,ALLÀ,LÀ-BAS,LÀ,ACOLO
COLLÎARIA,sf,COLHER,CUCHARA,CULLERA,CUILLÈRE,CUCCHIAIO,LINGURĂ
CÒLLO,sm,PESCOÇO,CUELLO,COLL,COU,COLLO,GÂT
COLLOCARE-SE,vr,DEITAR-SE,ACOSTARSE,AJEURE’S,SE COUCHER ,CORICARSI,CULCA
COLOMBO,sm,POMBO,PALOMA,COLOM,PIGEON,PICCIONE,PORUMBEL
COLORE,sm,COR,COLOR,COLOR,COULEUR,COLORE,CULOARE
COLPIRE,vt,GOLPEAR,PEGAR,PEGAR,FRAPPER,COLPIRE,LOVI
CÒLPO,sm,PANCADA,GOLPE,COP,COUP,COLPO,LOVITURĂ
COLTÈLLO,sm,FACA,CUCHILLO,GANIVET,COUTEAU,COLTELLO,CUŢIT
COMENTSARE,vti,COMEÇAR,COMENZAR,COMENÇAR,COMMENCER,COMINCIARE,ÎNCEPE
COMÈTA,sf,PAPAGAIO M DE PAPEL,COMETA,ESTEL,CERF-VOLANT,AQUILONE,ZMEU DE HÂRTIE
COMO,adv,COMO,CÓMO,COM,COMMENT,COME,CA
COMO,conj,COMO,COMO,COM QUE,COMME,COME,CA ŞI
COMPANNÎONE,sm,COMPANHEIRO,COMPAÑERO,COMPANY,COMPAGNON,COMPAGNO,CAMARAD
COMPASSIONE,sf,LÁSTIMA,LÁSTIMA,LLÀSTIMA,DOMMAGE,PIETÀ,MILĂ
COMPLERE,vt,CUMPRIR,CUMPLIR,COMPLIR,ACCOMPLIR,COMPIERE,ÎNDEPLINI
COMPLETARE,vt,COMPLETAR,COMPLETAR,COMPLETAR,COMPLÉTER,COMPLETARE,COMPLETA
COMPRARE,vt,COMPRAR,COMPRAR,COMPRAR,ACHETER,COMPRARE,CUMPĂRA
COMPRÈNDERE,vt,COMPREENDER,COMPRENDER,COMPRENDRE,COMPRENDRE,CAPIRE,ÎNŢELEGE
CON,prep,COM,CON,AMB,AVEC,CON,CU
CONDÚCERE,vt,CONDUZIR,CONDUCIR,CONDUIR,CONDUIRE,CONDURRE,CONDUCE
CONICLO,sm,COELHO,CONEJO,CONILL,LAPIN,CONIGLIO,IEPURE DE CASĂ
CONÓSCERE,vt,CONHECER,CONOCER,CONÈIXER,CONNAÎTRE,CONOSCERE,CUNOAŞTE
CONSEQUIRE,vt,CONSEGUIR,CONSEGUIR,ACONSEGUIR,PARVENIR À,CONSEGUIRE,OBŢINE
CONSERVARE,vt,CONSERVAR,CONSERVAR,CONSERVAR,CONSERVER,CONSERVARE,CONSERVA
CONSIDERARE,vt,CONSIDERAR,CONSIDERAR,CONSIDERAR,CONSIDÉRER,CONSIDERARE,CONSIDERA
CONSTRUIRE,vt,CONSTRUIR,CONSTRUIR,CONSTRUIR,CONSTRUIRE,COSTRUIRE,CONSTRUI
CONTARE,vt,CONTAR,CONTAR,COMPTAR,COMPTER,CONTARE,NUMĂRA
CONTÈNTO,adj,CONTENTE,CONTENTO,CONTENT,CONTENT,CONTENTO,MULŢUMIT
CONTINUARE,vti,CONTINUAR,CONTINUAR,CONTINUAR,CONTINUER,CONTINUARE,CONTINUA
CÒNTO,sm,CONTO,CUENTO,CONTE,CONTE,RACCONTO,POVESTE
CÒNTO,sm,CONTA,CUENTA,COMPTE,COMPTE,CONTO,SOCOTEALĂ
CÒNTRA,prep,CONTRA,CONTRA,CONTRA,CONTRE,CONTRO,CONTRA
CONVENIRE,vi,CONVIR,CONVENIR,CONVENIR,CONVENIR,CONVENIRE,CONVENI
CÒRE,sm,CORAÇÃO,CORAZÓN,COR,CŒUR,CUORE,INIMĂ
CÒRNO,sm,CORNO,CUERNO,BANYA,CORNE,CORNO,CORN
CÒRPO,sm,CORPO,CUERPO,COS,CORPS,CORPO,CORP
CORRÈCTO,adj,CORRETO,CORRECTO,CORRECTE,CORRECT,CORRETTO,CORECT
CÓRRERE,vi,CORRER,CORRER,CÓRRER,COURIR,CORRERE,ALERGA
CORSA,sf,CORRIDA,CARRERA,CORREGUDA,COURSE,CORSA,CURSĂ
CORSO,sm,CURSO,CURSO,CURS,COURS,CORSO,CURS
CORSO,sm,CURSO,CURSO,CURS,COURS,CORSO,CURS
CORTE,sm,PÁTIO,PATIO,PATI,COUR,CORTILE,CURTE INTERIOARĂ
CORTO,adj,CURTO,CORTO,CURT,COURT,CORTO,SCURT
CORVATTA,sf,GRAVATA,CORBATA,CORBATA,CRAVATE,CRAVATTA,CRAVATĂ
CÓSERE,vt,COSTURAR,COSER,COSIR,COUDRE,CUCIRE,COASE
COSÍ,adv,ASSIM,ASÍ,AIXÍ,AINSI,COSÌ,AŞA
COSINA,sf,PRIMA,PRIMA,COSINA,COUSINE,CUGINA,VARĂ
COSINO,sm,PRIMO,PRIMO,COSÍ,COUSIN,CUGINO,VĂR
CÒSTA,sf,COSTA,COSTA,COSTA,CÔTE,COSTA,ŢĂRM
COSTUME,sm,COSTUME,COSTUMBRE,COSTUM,HABITUDE,ABITUDINE,OBICEI
CÓVETO,sm,COTOVELO,CODO,COLZE,COUDE,GOMITO,COT
CRÉDERE,vt,CRER,CREER,CREURE,CROIRE,CREDERE,CREDE
CRÉSCERE,vi,CRESCER,CRECER,CRÉIXER,CROÎTRE,CRESCERE,CREŞTE
CROCÎARE,vt,CRUZAR,CRUZAR,ENCREUAR,CROISER,INCROCIARE,ÎNCRUCIŞA
CUELLO,pron,AQUILO,AQUELLO,ALLÒ,CELA,QUELLO,ACEL LUCRU
CUELLO,adj,AQUELE,AQUEL,AQUELL,CE,QUELLO,ACEL
CUELLO,pron,AQUELE,AQUEL,AQUELL,CELUI-LÀ,QUELLO,ACELA
CUESSO,pron,ISSO,ESO,AIXÒ,CELA,CIÒ N,ACESTA
CUESSO,adj,ESSE,ESE,AQUEIX,CE,QUELLO,ACEST
CUESSO,pron,ESSE,ESE,AQUEIX,CELUI-LÀ,QUELLO,ACESTA
CUESTO,pron,ISTO,ESTO,AÇÒ,CECI,CIÒ N,LUCRUL ACESTA
CUESTO,adj,ESTE,ESTE,AQUEST,CE,QUESTO,ACEST
CUESTO,pron,ESTE,ESTE,AQUEST,CELUI-CI,QUESTO,ACESTA
CUI,adv,AQUI,AQUÍ,ACÍ,ICI,QUI,ACI
CUJJO,adj,CUJO,CUYO,QUAL,DONT LE,QUALE,CĂRUI
CURA,sf,CUIDADO,CUIDADO,CURA,SOIN,CURA,GRIJĂ
CURARE,vt,CUIDAR,CUIDAR,CURA,SOIGNER,BADARE A,ÎNGRIJI
DA LO,prep + art,DO,DEL,DEL,DU,DAL,
DARE,vt,DAR,DAR,DONAR,DONNER,DARE,DA
DATA,sf,DATA,FECHA,DATA,DATE,DATA,DATĂ
DE,prep,DE,DE,DE,DE,DI,LUI
DE,prep,DE,DE,DE,DE,DI,DE
DE BÒNA HORA,adv,CEDO,PRONTO,D’HORA,TÔT,PRESTO,DEVREME
DE LO,prep + art,DO,DEL,DEL,DU,DEL,
DE PLUS,adv,ADEMAIS,ADEMÁS,MÉS,PLUS ,INOLTRE,AFARĂ DE
DEBATTE,sm,DABATE,DEBATE,DEBAT,DÉBAT,DIBATTIMENTO,DEZBATERE
DEBÀTTERE,vt,DEBATER,DEBATIR,DEBATRE,DÉBATTRE,DIBATTERE,DEZBATE
DÈCE,adj,DEZ,DIEZ,DEU,DIX,DIECI,ZECE
DECÈMBRE,sm,DEZEMBRO,DICIEMBRE,DESEMBRE,DÉCEMBRE,DICEMBRE,DECEMBRIE
DECENÒVE,adj,DEZANOVE,DIECINUEVE,DENOU,DIX-NEUF,DICIANNOVE,NOUĂSPREZECE
DECEÒCTO,adj,DEZOITO,DIECIOCHO,DIVUIT,DIX-HUIT,DICIOTTO,OPTSPREZECE
DECESÈPTE,adj,DEZASSETE,DIECISIETE,DESSET,DIX-SEPT,DICIASSETTE,ŞAPTESPREZECE
DECÍDERE,vt,DECIDIR,DECIDIR,DECIDIR,DÉCIDER,DECIDERE,DECIDE
DÈCIMO,adj,DÉCIMO,DÉCIMO,DESÈ,DIXIÈME,DECIMO,ZECELEA
DÈCIMO-PRIMO,adj,UNDÉCIMO,UNDÉCIMO,ONZÈ,ONZIÈME,UNDICESIMO,UNSPREZECELEA
DÉGETO,sm,DEDO,DEDO,DIT,DOIGT,DITO,DEGET
DEMANDA,sf,PERGUNTA,PREGUNTA,PREGUNTA,QUESTION,DOMANDA,ÎNTREBARE
DEMANDARE,vt,PERGUNTAR,PREGUNTAR,PREGUNTAR,DEMANDER,DOMANDARE,ÎNTREBA
DENARIO,sm,DINHEIRO,DINERO,DINERS,ARGENT,DENARO,BANI
DÈNTE,sm,DENTE,DIENTE,DENT,DENT,DENTE,DINTE
DENTISTA,sm,DENTISTA,DENTISTA,DENTISTA,DENTISTE,DENTISTA,DENTIST
DENUDARE-SE,vr,DESPIR-SE,DESNUDARSE,DESPULLAR-SE,SE DÉSHABILLER ,SPOGLIARSI,DEZGOLI
DÈO,sm,DEUS,DIOS,DÉU,DIEU,DIO,DEMNEZEU
DEPÒS-DEMANE,adv,DEPOIS DE AMANHÃ,PASADO MAÑANA,DEMÀ PASSAT,APRÈS-DEMAIN,DOPODOMANI,POIMÂINE
DEPRÈSSA,adv,DEPRESSA,DEPRISA,PRESSA,EN HÂTE,IN FRETTA,GRABĂ
DERECTA,sf,DIREITA,DERECHA,DRETA,DROITE,DESTRA,DREAPTĂ
DERECTO,adj,DIREITO,DERECHO,DRET,DROIT,DESTRO,DREAPT
DERECTO,sm,DIREITO,DERECHO,DRET,DROIT,DIRITTO,DREPT
DÈS,prep,DESDE,DESDE,DES DE,DEPUIS,DA,DINSPRE
DESAFFILATO,adj,CEGO,DESAFILADO,ESMUSSAT,ÉMOUSSÉ,SMUSSATO,TOCIT
DESEGNARE,vt,DESENHAR,DIBUJAR,DIBUIXAR,DESSINER,DISEGNARE,DESENA
DESEQUITA,adv,SEGUIDA,SEGUIDA,SEGUIDA,SUITE ,SUBITO,ÎNDATĂ
DESIDERARE,vt,DESEJAR,DESEAR,DESITJAR,DÉSIRER,DESIDERARE,DORI
DESJEJUNARE,vti,TOMAR O PEQUENO ALMOÇO,DESAYUNAR,DESDEJUNAR,PRENDRE LE PETIT DÉJEUNER,FARE LA PRIMA COLAZIONE,LUA MICUL DEJUN
DESJEJUNO,sm,PEQUELO ALMOÇO,DESAYUNO,DESDEJUNI,PETIT DÉJEUNER,PRIMA COLAZIONE,MICUL DEJUN
DESPÈNDERE,vt,GASTAR,GASTAR,GASTAR,DÉPENSER,SPENDERE,CHELTUI
DEVERE,vt,DEVER,DEBER,DEURE,DEVOIR,DOVERE,DATORA
DÍA,sm,DIA,DÍA,DIA,JOUR,GIORNO,ZI
DÍA,sm,DIA,DÍA,DIA,JOURNÉE,GIORNO,ZI
DIARIO,sm,DIÁRIO,DIARIO,DIARI,JOURNAL,GIORNALE,ZIAR
DÍCERE,vt,DIZER,DECIR,DIR,DIRE,DIRE,ZICE
DIFFERÈNTIA,sf,DIFERENÇA,DIFERENCIA,DIFERÈNCIA,DIFFÉRENCE,DIFFERENZA,DIFERENŢĂ
DIFFÍCILE,adj,DIFÍCIL,DIFÍCIL,DIFÍCIL,DIFFICILE,DIFFICILE,DIFICIL
DIRÍGERE,vt,DIRIGIR,DIRIGIR,DIRIGIR,DIRIGER,DIRIGERE,DIRIJA
DISCO,sm,DISCO,DISCO,DISC,DISQUE,DISCO,DISC
DIVÈRSO,adj,DIFERENTE,DIFERENTE,DIFERENT,DIFFÉRENT,DIVERSO,DIFERIT
DIVERTIRE-SE,vr,DIVERTIR-SE,DIVERTIRSE,DIVERTIR-SE,SE DIVERTIR,DIVERTIRSI,DISTRA
DIVÍDERE,vt,DIVIDIR,DIVIDIR,PARTIR,DIVISER,DIVIDERE,DIVIZA
DOCCÎA,sf,CHUVEIRO,DUCHA,DUTXA,DOUCHE,DOCCIA,DUŞ
DOCENA,sf,DÚZIA,DOCENA,DOTZENA,DOUZAINE,DOZZINA,DUZINĂ
DOCTORE,sm,DOUTOR EN MEDICINA,DOCTOR,DOCTOR,DOCTEUR,DOTTORE,DOCTOR
DÓDECE,adj,DOZE,DOCE,DOTZE,DOUZE,DODICI,DOISPREZECE
DOLCE,adj,DOCE,DULCE,DOLÇ,DOUX,DOLCE,DULCE
DOLERE,vi,DOER,DOLER,MAL,MAL ,MALE,DUREA
DOLORE,sm,DOR,DOLOR,DOLOR,DOULEUR,DOLORE,DURERE
DOMÉNECO,sm,DOMINGO,DOMINGO,DIUMENGE,DIMANCHE,DOMENICA,DUMINICĂ
DONO,sm,PRENDA,REGALO,REGAL,CADEAU,REGALO,DAR
DONQUE,conj,PORTANTO,TANTO,TANT,CONSÉQUENT,PERTANTO,ACEEA
DOOS,adj,DOIS,DOS,DOS,DEUX,DUE,DOI
DOOS-CÈNTOS,adj,DUZENTOS,DOSCIENTOS,DOS-CENTS,DEUX CENTS,DUECENTO,DOUĂ SUTE
DOPLO,adj,DUPLO,DOBLE,DOBLE,DOUBLE,DOPPIO,DUBLU
DORMIRE,vi,DORMIR,DORMIR,DORMIR,DORMIR,DORMIRE,DORMI
DORMITÒRIO,sm,DORMITÓRIO,DORMITORIO,DORMITORI,CHAMBRE À COUCHER,CAMERA DA LETTO,DORMITOR
DÒRSO,sm,COSTAS,ESPALDA,ESQUENA,DOS,SCHIENA,SPATE
DUBIO,sm,DÚVIDA,DUDA,DUBTE,DOUTE,DUBBIO,ÎNDOIALĂ
DURANTE,prep (adv),DURANTE,DURANTE,DURANT,PENDANT,DURANTE,TIMPUL
DURARE,vi,DURAR,DURAR,DURAR,DURER,DURARE,DURA
DURO,adj,DURO,DURO,DUR,DUR,DURO,DUR
ECCLESIA,sf,IGREJA,INGLESIA,ESGLÉSIA,ÉGLISE,CHIESA,BISERICĂ
EFFÈCTO,sm,EFEITO,EFECTO,EFECTE,EFFET,EFFETTO,EFECT
ELÈCTRICO,adj,ELÉTRICO,ELÉCTRICO,ELÈCTRIC,ÉLECTRIQUE,ELETTRICO,ELECTRIC
ELEFANTE,sm,ELEFANTE,ELEFANTE,ELEFANT,ÉLÉPHANT,ELEFANTE,ELEFANT
ELÉGERE,vt,ESCOLHER,ESCOGER,ESCOLLIR,CHOISIR,SCEGLIERE,ALEGE
ELENA,sf,HELENA,ELENA,HELENA,HÉLÈNE,ELENA,ELENA
ELLA,pron,ELA,ELLA,ELLA,ELLE,ELLA,EA
ELLAS,pron,ELAS,ELLAS,ELLES,ELLES,ESSE,ELE
ELLO,pron,ISSO,ELLO,ALLÒ,CELA,CIÒ,ACEL LUCRU
ELLO,pron,ELE,ÉL,ELL,LUI ,EGLI,EL
ELLOS,pron,ELES,ELLOS,ELLS,EUX ,ESSI,EI
EMPÉNGERE,vt,EMPURRAR,EMPUJAR,EMPÈNYER,POUSSER,SPINGERE,ÎMPINGE
EMPLERE,vt,ENCHER,LLENAR,OMPLIR,REMPLIR,RIEMPIRE,UMPLE
EMPORTARE,vt,LEVAR,LLEVARSE,EMPORTAR-SE,EMPORTER,PORTARE VIA,LUA
EN,prep,EM,EN,EN,EN,IN,ÎN
EN NECUNO MÒDO,adv,NADA,NADA,GENS,TOUT ,NIENTE,NICIDECUM
ENCASSARE,vt,COBRAR,COBRAR,COBRAR,TOUCHER,RISCUOTERE,ÎNCASA
ENCONTRARE,vt,ACHAR,ENCONTRAR,TROBAR,TROUVER,TROVARE,ÎNTÂLNI
ENCÒNTRO,sm,ENCONTRO,CITA,CITA,RENDEZ-VOUS,APPUNTAMENTO,ÎNTÂLNIRE
ENFANTE,sf,MENINA,NIÑA,NENA,PETITE FILLE,BAMBINA,COPILĂ
ENFANTE,sm,MENINO,NIÑO,NEN,ENFANT,BAMBINO,COPIL
ENFANTES,sm,CRIANÇAS,NIÑOS,INFANTS,ENFANTS,BAMBINI,COPII
ENGRATIARE,vt,AGRADECER,AGRADECER,AGRAIR,REMERCIER,RINGRAZIARE,MULŢUMI
ENSEGNARE,vt,ENSINAR,ENSEÑAR,ENSENYAR,APPRENDRE,INSEGNARE,ÎNVĂŢA
ENTÈGRO,adj,INTEIRO,ENTERO,SENCER,ENTIER,INTERO,ÎNTREG
ENTÈNDERE,vt,ENTENDER,ENTENDER,ENTENDRE,COMPRENDRE ,INTENDERE,ÎNŢELEGE
ENTRARE,vi,ENTRAR,ENTRAR,ENTRAR,ENTRER,ENTRARE,INTRA
ENTRATA,sf,ENTRADA,ENTRADA,ENTRADA,ENTRÉE,ENTRATA,INTRARE
ENTRE,prep,ENTRE,ENTRE,ENTRE,ENTRE,TRA,ÎNTRE
ENTREPANE,sm,SANDUÍCHE,BOCADILLO,ENTREPÀ,SANDWICH,PANINO,SANDVIŞ
ENTRO,prep (adv),DENTRO,DENTRO,DINS,DANS,DENTRO,ÎNĂUNTRU
ÈO,pron,EU,YO,JO,MOI ,IO,EU
EQUALE,adj,IGUAL,IGUAL,IGUAL,ÉGAL,UGUALE,EGAL
ERRARE,vt,ENGANAR-SE,EQUIVOCARSE,EQUIVOCAR-SE,TROMPER ,SBAGLIARSI,ÎNŞELA
ESCÀBERE,vt,ARRANHAR,ARAÑAR,ESGARRAPAR,GRIFFER,GRAFFIARE,ZGÂRIA
ESCALA,sf,ESCADA,ESCALERA,ESCALA,ESCALIER,SCALA,SCARĂ
ESCALA DE MANO,sf,ESCADOTE,ESCALERA DE MANO,ESCALA DE MÀ,ÉCHELLE,SCALA A PIOLI,SCARĂ PORTATIVĂ
ESCÒLA,sf,COLÉGIO,ESCUELA,ESCOLA,ÉCOLE,SCUOLA,ŞCOALĂ
ESCOPA,sf,VASSOURA,ESCOBA,ESCOMBRA,BALAI,SCOPA,MĂTURĂ
ESCÒRTSA,sf,CASCA,CORTEZA,ESCORÇA,ÉCORCE,CORTECCIA,SCOARŢĂ
ESCRÍVERE,vt,ESCREVER,ESCRIBIR,ESCRIURE,ÉCRIRE,SCRIVERE,SCRIE
ESPÈCLO,sm,ESPELHO,ESPEJO,MIRALL,MIROIR,SPECCHIO,OGLINDĂ
ESPERARE,vt,ESPERAR,ESPERAR,ESPERAR,ATTENDRE ,ASPETTARE,AŞTEPTA
ESPESSO,adj,ESPESSO,,,ÉPAIS,SPESSO,
ESPÍRITO,sm,ESPÍRITO,ESPÍRITU,ESPERIT,ESPRIT,SPIRITO,SPIRIT
ESPÒNGÎA,sf,ESPONJA,ESPONJA,ESPONJA,ÉPONGE,SPUGNA,BURETE
ESPORCO,adj,SUJO,SUCIO,BRUT,SALE,SPORCO,MURDAR
ESPÒRTE,sm,DESPORTO,DEPORTE,ESPORT,SPORT,SPORT,SPORT
ESPOSA,sf,MULHER,MUJER,MULLER,FEMME,MOGLIE,SOŢIE
ESPOSO,sm,MARIDO,MARIDO,MARIT,MARI,MARITO,SOŢ
ESPUTARE,vi,CUSPIR,ESCUPIR,ESCOPIR,CRACHER,SPUTARE,SCUIPA
ÈSSERE,vi,SER,SER,ÉSSER,ÊTRE,ESSERE,FI
ÈSSERE NECESSARIO,vn,PRECISO,HABER QUE,CALDRE,FALLOIR,BISOGNARE,TREBUI SĂ
ESTARE EN PÈDES,vi,PÉ,PIE,DRET,DEBOUT,PIEDI,PICIOARE
ESTARE,vi,ESTAR,ESTAR,ESTAR,ÊTRE,STARE,STA
ESTARE,vi,ESTAR,HALLARSE,TROBAR-SE,TROUVER ,TROVARSI,GĂSI
ESTATE,sf,VERÃO,VERANO,ESTIU,ÉTÉ,ESTATE,VARĂ
ESTATO,sm,ESTADO,ESTADO,ESTAT,ÉTAT,STATO,STARE
ESTATSONE,sf,ESTAÇÃO,ESTACIÓN,ESTACIÓ,SAISON,STAGIONE,ANOTIMP
ÈSTE,sm,LESTE,ESTE,EST,EST,EST,EST
ESTELLA,sf,ESTRELA,ESTRELLA,ESTEL,ÉTOILE,STELLA,STEA
ESTOLTO,adj,TOLO,TONTO,XIMPLE,SOT,SCIMUNITO,PROST
ESTÒMACO,sm,ESTÔMAGO,ESTÓMAGO,ESTÓMAC,ESTOMAC,STOMACO,STOMAC
ESTRANGÈRO,adj,ESTRANGEIRO,EXTRANJERO,ESTRANGER,ÉTRANGER,STRANIERO,STRĂIN
ESTRECTO,adj,ESTREITO,ESTRECHO,ESTRET,ÉTROIT,STRETTO,STRÂMT
ESTRÉNGERE,vt,ESPREMER,APRETAR,ESTRÈNYER,PRESSER,SPREMERE,STRÂNGE
ESTRÈPITO,sm,RUÍDO,RUIDO,SOROLL,BRUIT,RUMORE,ZGOMOT
ESTUPÈNDO,adj,ESTUPENDO,ESTUPENDO,ESTUPEND,EXTRAORDINAIRE,STUPENDO,EXTRAORDINAR
ESVEGLARE-SE,vr,DESPERTAR,DESPERTARSE,DESPERTAR-SE,SE RÉVEILLER ,SVEGLIARSI,DEŞTEPTA
ET,conj,E,Y,I,ET,E,ŞI
ETATE,sf,IDADE,EDAD,EDAT,ÂGE,ETÀ,ETATE
EXCAVARE,vt,ESCAVAR,EXCAVAR,EXCAVAR,CREUSER POUR TROUVER,SCAVARE ALLA RICERCA DI,SĂPA
EXCELLÈNTE,adj,EXCELENTE,EXCELENTE,EXCEL·LENT,EXCELLENT,ECCELLENTE,EXCELENT
EXCURSIONE,sf,EXCURSÃO,EXCURSIÓN,EXCURSIÓ,EXCURSION,ESCURSIONE,EXCURSIE
EXÈMPLO,sm,EXEMPLO,EJEMPLO,EXEMPLE,EXEMPLE,ESEMPIO,EXEMPLU
EXIRE,vi,SAIR,SALIR,EIXIR,SORTIR,USCIRE,IEŞI
EXITA,sf,SAÍDA,SALIDA,EIXIDA,SORTIE,USCITA,IEŞIRE
EXPLICARE,vt,EXPLICAR,EXPLICAR,EXPLICAR,EXPLIQUER,SPIEGARE,EXPLICA
EXPRÍMERE,vt,ESPREMER,EXPRIMIR,ESPRÉMER,PRESSER,SPREMERE,STOARCE
EXSÍSTERE,vi,EXISTIR,EXISTIR,EXISTIR,EXISTER,ESISTERE,EXISTA
ESSUCARE,vt,ENXUGAR,SECAR,EIXUGAR,ESSUYER,ASCIUGARE,ȘTERGE
ESTÉNGERE,vt,APAGAR,APAGAR,APAGAR,ÉTEINDRE,SPEGNERE,STINGE
EXTRÀGERE,vt,TIRAR,SACAR,TREURE,TIRER,TIRARE FUORI,SCOATE
EXUCAMANOS,sm,TOALHA,TOALLA,TOVALLOLA,SERVIETTE,ASCIUGAMANO,PROSOP
FÀBRICA,sf,FÁBRICA,FÁBRICA,FÀBRICA,USINE,FABBRICA,FABRICĂ
FACE,sf,CARA,CARA,CARA,FACE,FACCIA,FAŢĂ
FÀCERE,vt,FAZER,HACER,FER,FAIRE,FARE,FACE
FÀCERE-SE DÍA,vi,AMANHECER,AMANECER,APUNTAR EL DIA,FAIRE JOUR,ALBEGGIARE,LUMINA
FÀCERE-SE NÒCTE,vi,ANOITECER,ANOCHECER,VESPREJAR,TOMBER LA NUIT,ANNOTTARE,ÎNNOPTA
FÀCILE,adj,FÁCIL,FÁCIL,FÀCIL,FACILE,FACILE,UŞOR
FACTO,sm,FACTO,HECHO,FET,FAIT,FATTO,FAPT
FALSO,adj,FALSO,FALSO,0,FAUX,FALSO,0
FAME,sf,FOME,HAMBRE,FAM,FAIM,FAME,FOAME
FAMILIA,sf,FAMÍLIA,FAMILIA,FAMÍLIA,FAMILLE,FAMIGLIA,FAMILIE
FANTÀSTICO,adj,FANTÁSTICO,FANTÁSTICO,FANTÀSTIC,FANTASTIQUE,FANTASTICO,FANTASTIC
FARMACÍA,sf,FARMÁCIA,FARMACIA,FARMÀCIA,PHARMACIE,FARMACIA,FAMACIE
FATIGATO,adj,CANSADO,CANSADO,CANSAT,FATIGUÉ,STANCO,OBOSIT
FEBRARIO,sm,FEVEREIRO,FEBRERO,FEBRER,FÉVRIER,FEBBRAIO,FEBRUARIE
FÉCATO,sm,FÍGADO,HÍGADO,FETGE,FOIE,FEGATO,FICAT
FEDO,adj,FEIO,FEO,LLEIG,LAID,BRUTTO,URÂT
FELICE,adj,FELIZ,FELIZ,FELIÇ,HEUREUX,FELICE,FERICIT
FÉMENA,sf,MULHER,MUJER,DONA,FEMME,DONNA,FEMEIE
FEMENINO,adj,FEMININO,FEMENINO,FEMENÍ,FÉMININ,FEMMINILE,FEMININ
FENÈSTRA,sf,JANELA,VENTANA,FINESTRA,FENÊTRE,FINESTRA,FEREASTRĂ
FÈRRO,sm,FERRO,HIERRO,FERRO,FER,FERRO,FIER
FÈSTA,sf,FESTA,FIESTA,FESTA,FÊTE,FESTA,SĂRBĂTOARE
FIGURA,sf,FIGURA,FIGURA,FIGURA,FORME,FIGURA,FIGURĂ
FILLÎA,sf,FILHA,HIJA,FILLA,FILLE,FIGLIA,FIICĂ
FILLÎO,sm,FILHO,HIJO,FILL,FILS,FIGLIO,FIU
FILO,sm,FIO,HILO,FIL,FIL,FILO,FIR
FINALE,sm,FINAL,FINAL,FINAL,FIN,FINALE,FINAL
FINE,smf,FIM,FIN M,FI,FIN,FINE,SFÂRŞIT
FINE AD,prep,ATÉ,HASTA,FINS,JUSQUE,FINO A,FÂNĂ
FINE DE SEPTEMANA,smf,FIM DE SEMANA,FIN DE SEMANA,CAP DE SETMANA,WEEK-END,FINE SETTIMANA,WEEK-END
FINIRE,vti,ACABAR,ACABAR,ACABAR,ACHEVER,FINIRE,SFÂRŞI
FINO,adj,DELGADO,DELGADO,PRIM,MINCE,SOTTILE,SUBŢIRE
FLECCÎA,sf,FLECHA,FLECHA,FLETXA,FLÈCHE,FRECCIA,SĂGEATĂ
FLORE,sm,FLOR,FLOR,FLOR,FLEUR,FIORE,FLOARE
FLOTTARE,vi,BOIAR,FLOTAR,SURAR,FLOTTER,GALLEGGIARE,PLUTI
FLUIRE,vi,FLUIR,FLUIR,FLUIR,COULER,FLUIRE,CURGE
FLUME,sm,RIO,RÍO,RIU,RIVIÈRE,FIUME,RÂU
FOCARE,sm,LAREIRA,HOGAR,LLAR DE FOC,FOYER,FOCOLARE,ŞEMINEU
FÒCO,sm,FOGO,FUEGO,FOC,FEU,FUOCO,FOC
FÒLLÎA,sf,FOLHA,HOJA,FULLA,FEUILLE,FOGLIA,FRUNZĂ
FÒLLÎO,sm,FOLHA,HOJA,FULL,FEUILLET,FOGLIO,COALĂ
FONDO,sm,FUNDO,FONDO,FONS,FOND,FONDO,FUND
FONTANA,sf,FONTANÁRIO,FUENTE,FONT,FONTAINE,FONTANA,FÂNTÂNĂ
FÒNTE,sf,FONTE,FUENTE,FONT,SOURCE,SORGENTE,IZVOR
FÒRA,prep (adv),FORA,FUERA,FORA,DEHORS,FUORI,AFARĂ
FORCHETTA,sf,GARFO,TENEDOR,FORQUILLA,FOURCHETTE,FORCHETTA,FURCULIŢĂ
FÒRFECES,sf,TESOURA,TIJERAS,TISORES,CISEAUX,FORBICI,FOARFECE
FORMA,sf,FORMA,FORMA,FORMA,FORME,FORMA,FORMĂ
FORMOSO,adj,FORMOSO,HERMOSO,BONIC,BEAU,BELLO,FRUMOS
FORNO,sm,FORNO,HORNO,FORN,FOUR,FORNO,CUPTOR
FÒRSE,adv,TALVEZ,QUIZÁ,POTSER,PEUT-ÊTRE,FORSE,FORSE
FÒRTE,adj,FORTE,FUERTE,FORT,FORT,FORTE,PUTERNIC
FÒRTSA,sf,FORÇA,FUERZA,FORÇA,FORCE,FORZA,FORŢĂ
FORTUNA,sf,SORTE,SUERTE,SORT,CHANCE ,FORTUNA,NOROC
FÒSFORO,sm,FÓSFORO,CERILLA,LLUMÍ,ALLUMETTE,CERINO,CHIBRIT
FOTOGRAFÍA,sf,FOTOGRAFIA,FOTOGRAFÍA,FOTOGRAFIA,PHOTOGRAPHIE,FOTOGRAFIA,FOTOGRAFIE
FRANCESE,sm,FRANCÊS,FRANCÉS,FRANCÈS,FRANÇAIS,FRANCESE,FRANCEZĂ
FRATRE,sm,IRMÃO,HERMANO,GERMÀ,FRÈRE,FRATELLO,FRATE
FRECARE,vt,ESFREGAR,FROTAR,FREGAR,FROTTER,FREGARE,FRECA
FREGDO,sm,FRIO,FRÍO,FRED,FROID,FREDDO,FRIG
FREGDO,adj,FRIO,FRÍO,FRED,FROID,FREDDO,RECE
FREQUÈNTEMENTE,adv,FREQUENTEMENTE,MENUDO,SOVINT,SOUVENT,SPESSO,ADESEA
FRESCO,adj,FRESCO,FRESCO,FRESC,FRAIS,FRESCO,RĂCOROS
FROMÈNTO,sm,TRIGO,TRIGO,BLAT,BLÉ,GRANO,GRÂU
FRONTE,sfm,TESTA,FRENTE,FRONT,FRONT,FRONTE,FRUNTE
FRONTE,prep (adv),DEFRONTE,ENFRENTE,ENFRONT,FACE ,DI FRONTE,FAŢĂ
FRUCTO,sm,FRUTO,FRUTO,FRUIT,FRUIT,FRUTTO,FRUCT
FUMO,sm,FUMO,HUMO,FUM,FUMÉE,FUMO,FUM
FUNE,sf,CORDA,CUERDA,CORDA,CORDE,CORDA,TRÂNGHIE
FUSTE,sm,PAU,PALO,PAL,BÂTON,LEGNO,BĂŢ
FUTBOLE,sm,FUTEBOL,FÚTBOL,FUTBOL,FOOTBALL,CALCIO,FOTBAL
FUTURO,sm,FUTURO,FUTURO,FUTUR,FUTUR,FUTURO,VIITOR
GÀLBENO,adj,AMARELO,AMARILLO,GROC,JAUNE,GIALLO,GALBEN
GALLINA,sf,GALINHA,GALLINA,GALLINA,POULE,GALLINA,GĂINĂ
GALLO,sm,GALO,GALLO,GALL,COQ,GALLO,COCOŞ
GARAGGE,sm,GARAGEM,GARAJE,GARATGE,GARAGE,GARAGE,GARAJ
GASO,sm,GÁS,GAS,GAS,GAZ,GAS,GAZ
GASOLINA,sf,GASOLINA,GASOLINA,BENZINA,ESSENCE,BENZINA,BENZINĂ
GELARE,vt,GELAR,HELAR,GELAR,GELER,GELARE,ÎNGHEȚA
GELATO,sm,GELADO,HELADO,GELAT,GLACE,GELATO,ÎNGHEŢATĂ
GENERALE,adj,GERAL,GENERAL,GENERAL,GÉNÉRAL,GENERALE,GENERAL
GENERALEMENTE,adv,GERALMENTE,GENERALMENTE,GENERALMENT,GÉNÉRALEMENT,GENERALMENTE,GENERE
GENOCLO,sm,JOELHO,RODILLA,GENOLL,RENOU,GINOCCHIO,GENUNCHI
GÈNTE,sf,GENTE,GENTE,GENT,MONDE,GENTE,OAMENI
GIMNÀSTICA,sf,GINÁSTICA,GIMNASIA,GIMNÀSTICA,GYMNASTIQUE,GINNASTICA,GIMNASTICĂ
GIRAFFA,sf,GIRAFA,JIRAFA,GIRAFA,GIRAFE,GIRAFFA,GIRAFĂ
GIRARE,vti,GIRAR,GIRAR,GIRAR,TOURNER,GIRARE,ÎNTOARCE
GLACCÎA,sf,GELO,HIELO,GLAÇ,GLACE,GHIACCIO,GHEAŢĂ
GOMMA,sf,BORRACHA,GOMA,GOMA,GOMME,GOMMA,GUMĂ
GOSTO,sm,GOSTO,GUSTO,GUST,GOÛT,GUSTO,GUST
GOTTA,sf,GOTA,GOTA,GOTA,GOUTTE,GOCCIA,PICĂTURĂ
GOVÈRNO,sm,GOVERNO,GOBIERNO,GOVERN,GOUVERNEMENT,GOVERNO,GUVERN
GRADO,sm,GRAU,GRADO,GRAU,GRADE ,GRADO,GRAD
GRADO,sm,GRAU,GRADO,GRAU,DEGRÉ,GRADO,GRAD
GRANDE,adj,GRANDE,GRANDE,GRAN,GRAND,GRANDE,MARE
GRASSA,sf,GORDURA,GRASA,GREIX,GRAS,GRASSO,GRĂSIME
GRATIA,sf,GRAÇA,GRACIA,GRÀCIA,GRÂCE,GRAZIA,GRAŢIE
GRATIAS,inter,OBRIGADO,GRACIAS,GRÀCIES,MERCI ,GRAZIE,MULŢUMESC
GRATTARE,vt,COÇAR,RASCAR,GRATAR,GRATTER,GRATTARE,SCĂRPINA
GRISO,adj,CINZENTO,GRIS,GRIS,GRIS,GRIGIO,CENUŞIU
GRÒSSO,adj,GORDO,GORDO,GRAS,GROS,GROSSO,GRAS
GRUPPO,sm,GRUPO,GRUPO,GRUP,GROUPE,GRUPPO,GRUP
GUADANNÎARE,vt,GANHAR,GANAR,GUANYAR,GAGNER,GUADAGNARE,CÂŞTIGA
GUANTE,sm,LUVA,GUANTE,GUANT,GANT,GUANTO,MĂNUŞĂ
GUARDARE,vt,GUARDAR,GUARDAR,GUARDAR,GARDER,CONSERVARE,PĂZI
GUERRA,sf,GUERRA,GUERRA,GUERRA,GUERRE,GUERRA,RĂZBOI
HAVERE,vt,TER,TENER,TENIR,AVOIR,AVERE,AVEA
HAVERE,va,TER,HABER,HAVER,AVOIR ,AVERE,AVEA
HAVERE DE,vi,HAVER DE,HABER DE,HAVER DE,AVOIR À,AVERE DA,AVEA SĂ
HAVERE-HI,vn,HAVER,HABER,HAVER-HI,AVOIR ,ESSERCI,FI
HELICÒPTERO,sm,HELICÓPTERO,HELICÓPTERO,HELICÒPTER,HÉLICOPTÈRE,ELICOTTERO,ELICOPTER
HÈRBA,sf,ERVA,HIERBA,HERBA,HERBE,ERBA,IARBĂ
HÈRE,adv,ONTEM,AYER,AHIR,HIER,IERI,IERI
HÈRE-NÒCTE,adv,ONTEM À NOITE,ANOCHE,ANIT,HIER SOIR,IERI SERA,ASEARĂ
HI,adv,,,HI,Y ,CI,
HISTÒRIA,sf,HISTÓRIA,HISTORIA,HISTÒRIA,HISTOIRE,STORIA,ISTORIE
HIVÈRNO,sm,INVERNO,INVIERNO,HIVERN,HIVER,INVERNO,IARNĂ
HÒJJE,adv,HOJE,HOY,AVUI,AUJOURD’HUI,OGGI,AZI
HÒMENE,sm,HOMEM,HOMBRE,HOME,HOMME,UOMO,OM
HÒMENE,sm,HOMEM,HOMBRE,HOME,HOMME,UOMO,BĂRBAT
HÓMERO,sm,OMBRO,HOMBRO,ESPATLA,ÉPAULE,ESPALLA,UMĂR
HONORE,sm,HONRA,HONOR,HONOR,HONNEUR,ONORE,ONOARE
HORA,sf,HORA,HORA,HORA,HEURE,ORA,ORĂ
HOROLÒGGÎO,sm,RELÓGIO,RELOJ,RELLOTGE,HORLOGE,OROLOGIO,CEAS
HOROLÒGGÎO,sm,RELÓGIO,RELOJ DE PULSERA,RELLOTGE,MONTRE,OROLOGIO,CEAS
HÒRTO,sm,HORTA,HUERTO,HORT,JARDIN POTAGER,ORTO,LIVADĂ
HOSPITALE,sm,HOSPITAL,HOSPITAL,HOSPITAL,HÔPITAL,OSPEDALE,SPITAL
HOSTALE,sm,HOTEL,HOTEL,HOTEL,HÔTEL ,ALBERGO,HOTEL
HUMANO,adj,HUMANO,HUMANO,HUMÀ,HUMAIN,UMANO,OMENESC
HÚMEDO,adj,ÚMIDO,MOJADO,HUMID,HUMIDE,UMIDO,UMED
IDÈA,sf,IDEIA,IDEA,IDEA,IDÉE,IDEA,IDEE
IMPERMEÀBILE,sm,IMPERMEÁVEL,IMPERMEABLE,IMPERMEABLE,IMPERMÉABLE,IMPERMEABILE,FÂŞ
IMPORTANTE,adj,IMPORTANTE,IMPORTANTE,IMPORTANT,IMPORTANT,IMPORTANTE,IMPORTANT
IMPORTANTIA,sf,IMPORTÂNCIA,IMPORTANCIA,IMPORTÀNCIA,IMPORTANCE,IMPORTANZA,IMPORTANŢĂ
IMPORTARE,vi,IMPORTAR,IMPORTAR,IMPORTAR,IMPORTER,IMPORTARE,IMPORTA
IMPOSSÍBILE,adj,IMPOSSÍVEL,IMPOSSIBLE,IMPOSSIBLE,IMPOSSIBLE,IMPOSSIBILE,IMPOSIBIL
INFLARE,vi,INCHAR,HINCHARSE,INFLAR-SE,ENFLER,GONFIARSI,UMFLA
INTELLIGÈNTE,adj,INTELIGENTE,INTELIGENTE,INTEL·LIGENT,INTELLIGENT,INTELLIGENTE,INTELIGENT
INTERESSANTE,adj,INTERESSANTE,INTERESANTE,INTERESSANT,INTÉRESSANT,INTERESSANTE,INTERESANT
INTERESSARE,vi,INTERESSAR,INTERESAR,INTERESSAR,INTÉRESSER,INTERESSARE,INTERESA
INTERÈSSE,sm,INTERESSE,INTERÉS,INTERÈS,INTÉRÊT,INTERESSE,INTERES
INTESTINO,sm,TRIPA,TRIPA,BUDELL,TRIPES,BUDELLA,BURTĂ
INVITARE,vt,CONVIDAR,INVITAR,CONVIDAR,INVITER,INVITARE,INVITA
IRE,vi,IR,IR,ANAR,ALLER,ANDARE,MERGE
ÍSOLA,sf,ILHA,ISLA,ILLA,ÎLE,ISOLA,INSULĂ
ITALIANO,sm,ITALIANO,ITALIANO,ITALIÀ,ITALIEN,ITALIANO,ITALIANĂ
JA,adv,JÁ,YA,JA,DÉJÀ,GIÀ,DEJA
JACERE,vi,DEITADO,ECHADO,ESTIRAT,ALLONGÉ,DISTESO,ZĂCEA
JACHETTA,sf,JAQUETA,CHAQUETA,JAQUETA,VESTE,GIACCA,SACOU
JAMBONE,sm,PRESUNTO,JAMÓN,PERNIL,JAMBON,PROSCIUTTO,ŞUNCĂ
JARDINO,sm,JARDIM,JARDÍN,JARDÍ,JARDIN,GIARDINO,GRĂDINĂ
JECTARE,vt,BOTAR,ECHAR,LLENÇAR,JETER,BUTTARE,ARUNCA
JENARIO,sm,JANEIRO,ENERO,GENER,JANVIER,GENNAIO,IANUARIE
JOANNE,sm,JOÃO,JUAN,JOAN,JEAN,GIOVANNI,ION
JOCARE,vi,BRINCAR,JUGAR,JUGAR,JOUER,GIOCARE,JUCA
JÒCO,sm,JOGO,JUEGO,JOC,JEU,GIOCO,JOC
JÒCO,sm,BRINQUEDO,JUGUETE,JOGUINA,JOUET,GIOCATTOLO,JUCĂRIE
JOSEPE,sm,JOSÉ,JOSÉ,JOSEP,JOSEPH,GIUSEPPE,IOSIF
­JOSO,prep,ABAIXO,ABAJO,AVALL,BAS ,GIÙ,JOS
JÓVENE,adj,NOVO,JOVEN,JOVE,JEUNE,GIOVANE,TÂNĂR
JÓVENE,sm,RAPAZ,MUCHACHO,NOI,GARÇON,RAGAZZO,BĂIAT
JÓVENE,sf,MOÇA,MUCHACHA,MOIA,FILLE,RAGAZZA,FATĂ
JOVENETTA,sf,RAPARIGA,CHICA,NOIA,FILLE,RAGAZZA,FATĂ
JOVENETTO,sm,PARAZ,CHICO,NOI,GARÇON,RAGAZZO,BĂIAT
JÒVES,sm,QUINTA-FEIRA,JUEVES,DIJOUS,JEUDI,GIOVEDÌ,JOI
JULLÎO,sm,JULHO,JULIO,JULIOL,JUILLET,LUGLIO,IULIE
JÚNGERE,vt,JUNTAR,JUNTAR,AJUNTAR,JOINDRE,GIUNGERE,ÎMPREUNA
JUNNÎO,sm,JUNHO,JUNIO,JUNY,JUIN,GIUGNO,IUNIE
JUSTITIA,sf,JUSTIÇA,JUSTICIA,JUSTÍCIA,JUSTICE,GIUSTIZIA,JUSTIŢIE
KILOGRAMMA,sm,QUILO,KILO,QUILO,KILO,CHILO,KILOGRAM
KILOMÈTRO,sm,QUILÓMETRO,KILÓMETRO,QUILÒMETRE,KILOMÈTRE,CHILOMETRO,KILOMETRU
LABRO,sm,LÁBIO,LABIO,LLAVI,LÈVRE,LABBRO,BUZĂ
LACO,sm,LAGO,LAGO,LLAC,LAC,LAGO,LAC
LACTE,sm,LEITE,LECHE,LLET,LAIT,LATTE,LAPTE
LACTUCA,sf,ALFACE,LECHUGA,ENCIAM,LAITUE,LATTUGA,LĂPTUCĂ
LÀMPADA,sf,CANDEEIRO,LÁMPARA,LLUM,LAMPE ,LAMPADA,LAMPĂ
LANA,sf,LÃ,LANA,LLANA,LAINE,LANA,LÂNĂ
LANCÎARE,vt,ATIRAR,TIRAR,TIRAR,JETER,TIRARE,ARUNCA
LAPIS,sm,LÁPIS,LÁPIZ,LLAPIS,CRAYON,MATITA,CREION
LÀTERE,sm,TIJOLO,LADRILLO,MAÓ,BRIQUE,MATTONE,CĂRĂMIDĂ
LATINO,sm,LATIM,LATÍN,LLATÍ,LATIN,LATINO,LATINĂ
LATO,sm,LADO,LADO,COSTAT,CÔTÉ ,LATO,LATURĂ
LATO,prep,JUNTO,JUNTO A,TOCANT A,CÔTÉ,INSIEME,LÂNGĂ
LATO,adj,LARGO,ANCHO,AMPLE,LARGE,LARGO,LARG
LAVABO,sm,LAVATÓRIO,LAVABO,RENTAMANS,LAVABO,LAVANDINO,LAVOAR
LAVARE,vt,LAVAR,LAVAR,LLAVAR,LAVER,LAVARE,SPĂLA
LAVARE-SE,vr,LAVAR-SE,LAVARSE,RENTAR-SE,SE LAVER,LAVARSI,SPĂLA
LAVORARE,vi,TRABALHAR,TRABAJAR,TREBALLAR,TRAVAILLER,LAVORARE,LUCRA
LAVORE,sm,TRABALHO,TRABAJO,TREBALL,TRAVAIL,LAVORO,LUCRU
LAXARE,vt,DEIXAR,DEJAR,DEIXAR,LAISSER,LASCIARE,LĂSA
LE,pron,LHE,LE,LI,LUI,GLI,LUI
LÈCTO,sm,CAMA,CAMA,LLIT,LIT,LETTO,PAT
LEGARE,vt,AMARRAR,ATAR,LLIGAR,FICELER,LEGARE,LEGA
LEGE,sf,LEI,LEY,LLEI,LOI,LEGGE,LEGE
LÈGERE,vt,LER,LEER,LLEGIR,LIRE,LEGGERE,CITI
LEGÈRO,adj,LIGEIRO,LIGERO,LLEUGER,LÉGER,LEGGERO,UŞOR
LEGNO,sm,MEDEIRA,MADERA,FUSTA,BOIS,LEGNO,LEMN
LEI,pron,ELA,ELLA,ELLA,ELLE,LEI,EA
LENGUA,sf,LÍNGUA,LENGUA,LLENGUA,LANGUE,LINGUA,LIMBĂ
LÈNTAMENTE,adv,DEVAGAR,DESPACIO,POC,DOUCEMENT,ADAGIO,ÎNCET
LÈNTO,adj,LENTO,LENTO,LENT,LENT,LENTO,LENT
LENTSÒLO,sm,LENÇOL,SÁBANA,LLENÇOL,DRAP DE LIT,LENZUOLO,CEARŞAF
LEONE,sm,LEÃO,LEÓN,LLEÓ,LION,LEONE,LEU
LES,pron,LHES,LES,ELS,LEUR ,LORO,LOR
LÉTTERA,sf,LETRA,LETRA,LLETRA,LETTRE,LETTERA,LITERĂ
LÉTTERA,sf,CARTA,CARTA,CARTA,LETTRE,LETTERA,SCRISOARE
LEVARE,vt,LEVANTAR,LEVANTAR,AIXECAR,LEVER,ALZARE,RIDICA
LEVARE,vt,TIRAR,QUITAR,TRAURE,ENLEVER,TOGLIERE,SCOATE
LEVARE-SE,vr,LEVANTAR-SE,LEVANTARSE,LLEVAR-SE,SE LEVER ,ALZARSI,SCULA
LÍBERO,adj,LIVRE,LIBRE,LLIURE,LIBRE,LIBERO,LIBER
LIBRARIA,sf,LIVRARIA,LIBRERÍA,LLIBRERIA,LIBRAIRIE,LIBRERIA,LIBRĂRIE
LIBRO,sm,LIVRO,LIBRO,LLIBRE,LIVRE,LIBRO,CARTE
LICÈO,sm,LICEU,INSTITUTO,INSTITUT,LYCÉE,LICEO,LICEU
LIMONE,sm,LIMÃO,LIMÓN,LLIMONA,CITRON,LIMONE,LĂMÂIE
LÍNEA,sf,LINHA,LÍNEA,LÍNIA,LIGNE,LINEA,LINIE
LÍQUIDO,sm,LÍQUIDO,LÍQUIDO,LÍQUID,LIQUIDE,LIQUIDO,LICHID
LISÎO,adj,LISO,LISO,LLIS,LISSE,LISCIO,NETED
LO,art,O,EL,EL,LE,IL,UL
LO,art,O,LO,EL,LE,IL,UL
LO,pron,O,LO,EL,LE,LO,ÎL
LO,pron,O,LO,HO,LE,LO,ÎL
LOCARE,vt,ALUGAR,ALQUILAR,LLOGAR,LOUER,AFFITTARE,ÎNCHIRIA
LÒCO,sm,LUGAR,LUGAR,LLOC,LIEU,LUOGO,LOC
LOCTA,sf,LUTA,LUCHA,LLUITA,LUTTE,LOTTA,LUPTĂ
LOCTARE,vi,LUTAR,LUCHAR,LLUITAR,LUTTER,LOTTARE,LUPTA
LÒNGE,prep (adv),LONGE,LEJOS,LLUNY,LOIN,LONTANO,DEPARTE
LONGETANO,adj,LONGE,LEJANO,LLUNYÀ,LOINTAIN,LONTANO,ÎNDEPĂRTAT
LÒNGO,adj,COMPRIDO,LARGO,LLARG,LONG,LUNGO,LUNG
LOPO,sm,LOBO,LOBO,LLOP,LOUP,LUPO,LUP
LORO,adj,SEU,SU,LLUR,LEUR,LORO,LOR
LORO,pron,SEU,SUYO,SEU,LEUR ,LORO,LOR
LORO,pron,ELES,ELLOS,ELLS,EUX,LORO,EI
LOS,pron,OS,LOS,ELS,LES,LI,ÎI
LOTO,sm,LAMA,BARRO,FANG,BOUE,FANGO,NOROI
LUCE,sf,LUZ,LUZ,LLUM,LUMIÈRE,LUCE,LUMINĂ
LUI,pron,ELE,ÉL,ELL,LUI,LUI,EL
LUNA,sf,LUA,LUNA,LLUNA,LUNE,LUNA,LUNĂ
LUNES,sm,SEGUNDA-FEIRA,LUNES,DILLUNS,LUNDI,LUNEDÌ,LUNI
MÀCHINA,sf,MÁQUINA,MÁQUINA,MÀQUINA,MACHINE,MACCHINA,MAŞINĂ
MACRO,adj,MAGRO,FLACO,MAGRE,MAIGRE,MAGRO,SLAB
MAESTRO,sm,MESTRE,MAESTRO,MESTRE,MAÎTRE,MAESTRO,MAESTRU
MAESTRO DE ESCÒLA,sm,PROFESSOR PRIMÁRIO,MAESTRO DE ESCUELA,MESTRE D’ESCOLA,INSTITUTEUR,MAESTRO ELEMENTARE,PROFESOR
MAIS,conj,MAS,PERO,PERÒ,MAIS,MA,DAR
MAIS,conj,MAS,SINO,SINÓ,MAIS,MA,CI
MAÍSE,sm,MILHO,MAÍZ,BLAT DE MORO,MAÏS,GRANTURCO,PORUMB
MAJJO,sm,MAIO,MAYO,MAIG,MAI,MAGGIO,MAI
MAJJORE,adj,MAIS GRANDE,GRANDE,MÉS GROS,GRAND ,GRANDE,MAI MARE
MALATO,adj,DOENTE,ENFERMO,MALALT,MALADE,MALATO,BOLNAV
MALE,adv,MAL,MAL,MAL,MAL,MALE,RĂU
MALLÎA,sf,CAMISETA,CAMISETA,SAMARRETA,TEE-SHIRT,MAGLIA,MAIOU
MALLÎETTA,sf,CAMISOLA INTERIOR,CAMISETA,SAMARRETA,MAILLOT DE CORPS,MAGLIETTA,FLANELĂ DE CORP
MALLÎONE,sm,POLÔVER,JERSEY,JERSEI,PULL-OVER,MAGLIONE,JERSEU
MALO,adj,MAU,MALO,DOLENT,MAUVAIS,CATTIVO,RĂU
MAMMA,sf,MAMÃ,MAMÁ,MAMA,MAMAN,MAMMA,MAMĂ
MANARIA,sf,MANEIRA,MANERA,MANERA,MANIÈRE,MANIERA,MANIERĂ
MANCARE,vi,FALTAR,FALTAR,MANCAR,MANQUER,MANCARE,LIPSI
MANDARE,vt,MANDAR,MANDAR,ENVIAR,ENVOYER,MANDARE,TRIMITE
MANE,adv,AMANHÃ,MAÑANA,DEMÀ,DEMAIN,DOMANI,MÂINE
MANGÎARE,vt,COMER,COMER,MENJAR,MANGER,MANGIARE,MÂNCA
MANO,sf,MÃO,MANO,MÀ,MAIN,MANO,MÂNĂ
MANTÈLLO,sm,CASACO,ABRIGO,ABRIC,MANTEAU,CAPPOTTO,PALTON
MAPPA,sf,MAPA,MAPA,MAPA,CARTE GÉOGRAPHIQUE,MAPPA,HARTĂ
MARE,smf,MAR,MAR,MAR,MER,MARE,MARE
MARÍA,sf,MARIA,MARÍA,MARIA,MARIE,MARIA,MARIA
MARITO,sm,MARIDO,MARIDO,MARIT,MARI,MARITO,BĂRBAT
MARMELATA,sf,DOCE,MERMELADA,MELMELADA,CONFITURE,MARMELLATA,MARMELADĂ
MARRONE,adj,CASTANHO,MARRÓN,MARRÓ,MARRON,MARRONE,MARO
MARTÈLLO,sm,MARTELO,MARTILLO,MARTELL,MARTEAU,MARTELLO,CIOCAN
MARTES,sm,TERÇA-FEIRA,MARTES,DIMARTS,MARDI,MARTEDÌ,MARŢI
MARTSO,sm,MARÇO,MARZO,MARÇ,MARS,MARZO,MARTIE
MASCULINO,adj,MASCULINO,MASCULINO,MASCULÍ,MASCULIN,MASCHILE,MASCULIN
MATÈRIA,sf,MATÉRIA,MATERIA,MATÈRIA,MATIÈRE,MATERIA,MATERIE
MATÈRIA,sf,MADEIRA,MADERA,FUSTA,BOIS DE CHARPENTE,LEGNAME,LEMN
MATRE,sf,MÃE,MADRE,MARE,MÈRE,MADRE,MAMĂ
MATTINO,sm,MANHÃ,MAÑANA,MATÍ,MATIN ,MATTINA,DIMINEAŢĂ
ME,pron,ME,ME,EM,ME,MI,MĂ
ME,pron,ME,ME,EM,ME,MI,MIE
MECÀNICO,sm,MECÂNICO,MECÁNICO,MECÀNIC,MÉCANICIEN,MECCANICO,MECANIC
MEDICINA,sf,MEDICAMENTO,MEDICINA,MEDECINA,MÉDICAMENT,MEDICINA,MEDICAMENT
MÈDICO,sm,MÉDICO,MÉDICO,METGE,MÉDECIN,MEDICO,MEDIC
MÈJJO,adj,MEIO,MEDIO,MIG,DEMI,MEZZO,JUMĂTATE
MÈJJO,sm,MEIO,MEDIO,MIG,MILIEU,MEZZO,MIJLOC
MÈLE,smf,MEL M,MIEL,MEL,MIEL,MIELE,MIERE
MELLÎORE,adj,MELHOR,MEJOR,MILLOR,MEILLEUR,MIGLIORE,BUN
MELLÎORE,adv,MELHOR,MEJOR,MILLOR,MIEUX,MEGLIO,BINE
MENORE,adj,PEQUENO,PEQUEÑO,PETIT,PETIT,PICCOLO,MIC
MENOS,adv,MENOS,MENOS,MENYS,MOINS,MENO,PUŢIN
MENOS,adj,MENOS,MENOS,MENYS,MOINS DE,MENO,PUŢIN
MENTRE,prep (adv),ENQUANTO,MIENTRAS,MENTRE,PENDANT QUE,INTANTO,TIM
MÈO,adj,MEU,MI,MEU,MON,MIO,MEU
MÈO,pron,MEU,MÍO,MEU,MIEN ,MIO,MEU
MERCATO,sm,MERCADO,MERCADO,MERCAT,MARCHÉ,MERCATO,PIAŢĂ
MÈRCORES,sm,QUARTA-FEIRA,MIÉRCOLES,DIMECRES,MERCREDI,MERCOLEDÌ,MIERCURI
MERÈNDA,sf,MERENDA,MERIENDA,BERENAR,GOÛTER,MERENDA,GUSTARE
MESA,sf,MESA,MESA,TAULA,TABLE,TAVOLO,MASĂ
MESE,sm,MÊS,MES,MES,MOIS,MESE,LUNĂ
MESMO,adj,MESMO,MISMO,MATEIX,MÊME,STESSO,ACELAŞI
MESURA,sf,MEDIDA,MEDIDA,MESURA,MESURE,MISURA,MĂSURĂ
METATE,sf,METADE,MITAD,MEITAT,MOITIÉ,METÀ,JUMĂTATE
MÈTO,sm,MEDO,MIEDO,POR,PEUR,PAURA,FRICĂ
MÈTRO,sm,METRO,METRO,METRE,MÈTRE,METRO,METRU
MÉTTERE,vt,METER,METER,FICAR,METTRE,METTERE,BĂGA
MI,pron,MIM,MÍ,MI,MOI,ME,MINE
MILIARDO,sm,BILIÃO,MIL MILLONES,MIL MILIONS,MILLIARD,MILIARDO,MILIARD
MILIONE,sm,MILHÃO,MILLÓN,MILIÓ,MILLION,MILIONE,MILION
MILLE,adj,MIL,MIL,MIL,MILLE,MILLE,MIE
MINUTO,sm,MINUTO,MINUTO,MINUT,MINUTE,MINUTO,MINUT
MIRARE,vt,OLHAR,MIRAR,MIRAR,REGARDER,GUARDARE,PRIVI
MÒBILE,sm,MÓVEL,MUEBLE,MOBLE,MEUBLE,MOBILE,MOBILĂ
MOCCATORE,sm,LENÇO,PAÑUELO,MOCADOR,MOUCHOIR,FAZZOLETTO,BATISTĂ
MODÈRNO,adj,MODERNO,MODERNO,MODERN,MODERNE,MODERNO,MODERN
MOLINO,sm,MOINHO,MOLINO,MOLÍ,MOULIN,MULINO,MOARĂ
MÒLLE,adj,BRANDO,BLANDO,TOU,MOU,MOLLE,MOALE
MOLLÎATO,adj,MOLHADO,MOJADO,MOLL,MOUILLÉ,BAGNATO,UD
MOLTO,adj,MUITO,MUCHO,MOLT,BEAUCOUP DE,MOLTO,MULT
MOLTO,adv,MUITO,MUCHO,MOLT,BEAUCOUP,MOLTO,MULT
MOMÈNTO,sm,MOMENTO,MOMENTO,MOMENT,MOMENT,MOMENTO,MOMENT
MONDO,sm,MUNDO,MUNDO,MÓN,MONDE,MONDO,LUME
MONETA,sf,MOEDA,MONEDA,MONEDA,PIÈCE,MONEDA,MONEDĂ
MONTANNÎA,sf,MONTANHA,MONTAÑA,MUNTANYA,MONTAGNE,MONTAGNA,MUNTE
MÒRDERE,vt,MORDER,MORDER,MOSSEGAR,MORDRE,MORDERE,MUȘCA
MORIRE,vi,MORRER,MORIR,MORIR,MOURIR,MORIRE,MURI
MÒRTE,sf,MORTE,MUERTE,MORT,MORT,MORTE,MOARTE
MÒRTO,adj,MORTO,MUERTO,MORT,MORT,MORTO,MORT
MOSCA,sf,MOSCA,MOSCA,MOSCA,MOUCHE,MOSCA,MUSCĂ
MOSTRARE,vt,MOSTRAR,MOSTRAR,MOSTRAR,MONTRER,MOSTRARE,ARĂTA
MOTOCICLETTA,sf,MOTOCICLETA,MOTOCICLETA,MOTOCICLETA,MOTOCYCLETTE,MOTOCICLETTA,MOTOCICLETĂ
MOTORE,sm,MOTOR,MOTOR,MOTOR,MOTEUR,MOTORE,MOTOR
MÒVERE,vt,MEXER,MOVER,MOURE,MOUVOIR,MUOVERE,MIŞCA
MÚLTIPLES,adj,VÁRIOS,VARIOS,DIVERSOS,PLUSIEURS,PARECCHI,CÂŢIVA
MUSÈO,sm,MUSEU,MUSEO,MUSEU,MUSÉE,MUSEO,MUZEU
MÚSICA,sf,MÚSICA,MÚSICA,MÚSICA,MUSIQUE,MUSICA,MUZICĂ
MUTO,adj,MUDO,MUDO,MUT,MUET,MUTO,MUT
NARANGÎA,sf,LARANJA,NARANJA,TARONJA,ORANGE,ARANCIA,PORTOCALĂ
NARANGÎATO,adj,ALARANJADO,NARANJA,ATARONJAT,ORANGE,ARANCIONE,PORTOCALIU
NÀSCERE,vi,NASCER,NACER,NÀIXER,NAÎTRE,NASCERE,NAŞTE
NASO,sm,NARIZ,NARIZ,NAS,NEZ,NASO,NAS
NATALE,sm,NATAL,NAVIDAD,NADAL,NOËL,NATALE,CRĂCIUN
NATARE,vi,NADAR,NADAR,NADAR,NAGER,NUOTARE,ÎNOTA
NATIONALE,adj,NACIONAL,NACIONAL,NACIONAL,NATIONAL,NAZIONALE,NAŢIONAL
NATIONE,sf,NAÇÃO,NACIÓN,NACIÓ,NATION,NAZIONE,NAŢIUNE
NATURA,sf,NATUREZA,NATURALEZA,NATURA,NATURE,NATURA,NATURĂ
NAVE,sf,BARCO,BARCO,VAIXELL,BATEAU,NAVE,VAS
NÉ,conj,NEM,NI,NI,NI,NÉ,NICI
NE,pron,,,EN,EN ,NE,
NECESSARIO,adj,NECESSÁRIO,NECESARIO,NECESSARI,NÉCESSAIRE,NECESSARIO,NECESAR
NECESSITARE,vt,NECESSITAR,NECESITAR,NECESSITAR,AVOIR BESOIN DE ,AVERE BISOGNO DI,NEVOIE
NECUNA CAUSA,pron,NADA,NADA,RES,RIEN,NIENTE,NIMIC
NECUNA PERSONA,pron,NINGUÉM,NADIE,NINGÚ,PERSONNE,NESSUNO,NIMENI
NECUNO,adj,NENHUM,NINGÚN,CAP,AUCUN,NESSUN,UN
NECUNO,pron,NENHUM,NINGUNO,CAP,AUCUN,NESSUNO,UNUL
NEGRO,adj,PRETO,NEGRO,NEGRE,NOIR,NERO,NEGRU
NEOLATINO,sm,NEOLATIM,NEOLATÍN,NEOLLATÍ,NÉOLATIN,NEOLATINO,NEOLATINĂ
NÉTEDO,adj,LIMPO,LIMPIO,NET,PROPRE,PULITO,CURAT
NETEJJARE,vt,LIMPAR,LIMPIAR,NETEJAR,NETTOYER,PULIRE,CURĂŢA
NEVARE,vi,NEVAR,NEVAR,NEVAR,NEIGER,NEVICARE,NINGE
NEVE,sf,NEVE,NIEVE,NEU,NEIGE,NEVE,ZĂPADĂ
NÈVOLA,sf,NÉVOA,NIEBLA,BOIRA,BROUILLARD,NEBBIA,CEAŢĂ
NIDO,sm,NINHO,NIDO,NIU,NID,NIDO,CUIB
NÒCTE,sf,NOITE,NOCHE,NIT,NUIT,NOTTE,NOAPTE
NOME,sm,NOME,NOMBRE,NOM,NOM,NOME,NUME
NON,adv,NÃO,NO,NO,NON,NO,NU
NON,adv,NÃO,NO,NO,NE,NON,NU
NON OBSTANTE,conj,,OBSTANTE,,MALGRÉ CELA,NONOSTANTE,
NONO,adj,NONO,NOVENO,NOVÈ,NEUVIÈME,NONO,NOUĂLEA
NÒRDE,sm,NORTE,NORTE,NORD,NORD,NORD,NORD
NORMALE,adj,NORMAL,NORMAL,NORMAL,NORMAL,NORMALE,NORMAL
NÓS,pron,NÓS,NOSOTROS,NOSALTRES,NOUS,NOI,NOI
NOS,pron,NOS,NOS,ENS,NOUS ,CI,NE
NOS,pron,NOS,NOS,ENS,NOUS ,CI,NOUĂ
NÒSTRO,adj,NOSSO,NUESTRO,NOSTRE,NOTRE,NOSTRO,NOSTRU
NÒSTRO,pron,NOSSO,NUESTRO,NOSTRE,NÔTRE,NOSTRO,NOSTRU
NÒTA,sf,NOTA,NOTA,NOTA,NOTE,NOTA,NOTIŢĂ
NOTITIA,sf,NOTÍCIA,NOTICIA,NOTÍCIA,NOUVELLE,NOTIZIA,ŞTIRE
NOVANTA,adj,NOVENTA,NOVENTA,NORANTA,QUATRE-VINGT-DIX,NOVANTA,NOUĂZECI
NÒVE,adj,NOVE,NUEVE,NOU,NEUF,NOVE,NOUĂ
NOVÈMBRE,sm,NOVEMBRO,NOVIEMBRE,NOVEMBRE,NOVEMBRE,NOVEMBRE,NOIEMBRIE
NÒVO,adj,NOVO,NUEVO,NOU,NOUVEAU,NUOVO,NOU
NUCA,sf,NUCA,NUCA,NUCA,NUQUE,NUCA,CEAFĂ
NÚMERO,sm,NÚMERO,NÚMERO,NOMBRE,NOMBRE ,NUMERO,NUMĂR
NUNCA,adv,JAMAIS,JAMÁS,MAI,JAMAIS,MAI,NICIODATĂ
NUVE,sf,NUVEM,NUBE,NÚVOL,NUAGE,NUVOLA,NOR
OBJÈCTO,sm,OBJETO,OBJETO,OBJECTE,OBJET,OGGETTO,OBIECT
OBLITARE,vt,ESQUECER,OLVIDAR,OBLIDAR,OUBLIER,DIMENTICARE,UITA
OBTENERE,vt,OBTER,OBTENER,OBTENIR,OBTENIR,OTTENERE,OBŢINE
OCCASIONE,sf,OCASIÃO,OCASIÓN,OCASIÓ,OCCASION,OCCASIONE,OCAZIE
OCCÍDERE,vt,MATAR,MATAR,MATAR,TUER,UCCIDERE,OMORÎ
OCCITANO,sm,OCCITANO,OCCITANO,OCCITÀ,OCCITAN,OCCITANO,OCCITANĂ
OCCUPARE,vt,OCUPAR,OCUPAR,OCUPAR,OCCUPER,OCCUPARE,OCUPA
ÒCLO,sm,OLHO,OJO,ULL,ŒIL,OCCHIO,OCHI
OCTANTA,adj,OITENTA,OCHENTA,VUITANTA,QUATRE-VINGTS,OTTANTA,OPTZECI
OCTAVO,adj,OITAVO,OCTAVO,VUITÈ,HUITIÈME,OTTAVO,OPTULEA
ÒCTO,adj,OITO,OCHO,VUIT,HUIT,OTTO,OPT
OCTOBRE,sm,OUTUBRO,OCTUBRE,OCTUBRE,OCTOBRE,OTTOBRE,OCTOMBRIE
ODORARE,vt,CHEIRAR,OLER,OLORAR,SENTIR ,ODORARE,MIROSI
OÈSTE,sm,OESTE,OESTE,OEST,OUEST,OVEST,VEST
OFFERIRE,vt,OFERECER,OFRECER,OFERIR,OFFRIR,OFFRIRE,OFERI
ÒLEO,sm,ÓLEO,ACEITE,OLI,HUILE,OLIO,ULEI
ÒLEO DE OLIVA,sm,AZEITE,ACEITE DE OLIVA,OLI D’OLIVA,HUILE D’OLIVE,OLIO D’OLIVA,UNTDELEMN
OMBRA,sf,SOMBRA,SOMBRA,OMBRA,OMBRE,OMBRA,UMBRĂ
ONDA,sf,ONDA,OLA,ONA,VAGUE,ONDA,VAL
ONDE,adv,ONDE,DONDE,ON,LÀ OÙ,DOVE,UNDE
ÓNDECE,adj,ONZE,ONCE,ONZE,ONZE,UNDICI,UNSPREZECE
ONGLA,sf,UNHA,UÑA,UNGLA,ONGLE,UNGHIA,UNGHIE
ÒPERA,sf,OBRA,OBRA,OBRA,ŒUVRE,OPERA,LUCRARE
ORDENARE,vt,MANDAR,MANDAR,MANAR,COMMANDER,COMANDARE,PORUNCI
ORDENATORE,sm,COMPUTADOR,ORDENADOR,ORDINADOR,ORDINATEUR,COMPUTER,COMPUTER
ÓRDENE,sm,ORDEM,ORDEN,ORDRE,ORDRE,ORDINE,ORDINE
ÓRDENE,sm,ORDEM,ORDEN,ORDRE,ORDRE,ORDINE,ORDIN
ORSO,sm,URSO,OSO,ÓS,OURS,ORSO,URS
OSCURO,adj,ESCURO,OSCURO,FOSC,SOMBRE,SCURO,OBSCUR
ÒSSO,sm,OSSO,HUESO,OS,OS,OSSO,OS
OVECLA,sf,OVELHA,OVEJA,OVELLA,BREBIS,PECORA,OAIE
ÒVO,sm,OVO,HUEVO,OU,ŒUF,UOVO,OU
PACARE,vt,PAGAR,PAGAR,PAGAR,PAYER,PAGARE,PLĂTI
PACE,sf,PAZ,PAZ,PAU,PAIX,PACE,PACE
PACHETTE,sm,PACOTE,PAQUETE,PAQUET,PAQUET,PACCO,PACHET
PAESE,sm,PAÍS,PAÍS,PAÍS,PAYS,PAESE,ŢARĂ
PÀGINA,sf,PÁGINA,PÁGINA,PÀGINA,PAGE,PAGINA,PAGINĂ
PALA,sf,PÁ,PALA,PALA,PELLE,PALA,LOPATĂ
PALLÎACCÎO,sm,PALHAÇO,PAYASO,PALLASSO,CLOWN,PAGLIACCIO,CLOVN
PANE,sm,PÃO,PAN,PA,PAIN,PANE,PÂINE
PANTALONE,sm,CALÇAS,PANTALÓN,PANTALON,PANTALON,CALZONI,PANTALONI
PAPA,sm,PAPÁ,PAPÁ,PAPA,PAPA,PAPÀ,TATĂ
PAPERIO,sm,PAPEL,PAPEL,PAPER,PAPIER,CARTA,HÂRTIE
PARAPLOBBIA,sm,GUARDA-CHUVA,PARAGUAS,PARAIGUA,PARAPLUIE,OMBRELLO,UMBRELĂ DE PLOAIE
PARASOLE,sm,SOMBRINHA,SOMBRILLA,OMBREL·LA,OMBRELLE,OMBRELLONE,UMBRELĂ DE SOARE
PARAULA,sf,PALAVRA,PALABRA,PARAULA,PAROLE,PAROLA,CUVÂNT
PARCHE,sm,PARQUE,PARQUE,PARC,PARC,PARCO,PARC
PARE,sm,PAR,PAR,PARELL,PAIRE ,PAIO,PERECHE
PARÈNTES,sm,PAÍS,PADRES,PARES,PARENTS,GENITORI,PĂRINŢI
PARETE,sf,PAREDE,PARED,PARET,MUR,PARETE,PARETE
PARLARE,vi,FALAR,HABLAR,PARLAR,PARLER,PARLARE,VORBI
PARTE,sf,PARTE,PARTE,PART,PARTIE,PARTE,PARTE
PARTIRE,vi,PARTIR,MARCHARSE,MARXAR,PARTIR,PARTIRE,PORNI
PARTITA,sf,PARTIDA,PARTIDO,PARTIT,MATCH,PARTITA,MECI
PASQUA,sf,PÁSCOA,PASCUA,PASQUA,PÂQUES,PASQUA,PAŞTI
PASSARE,vt,PASSAR,PASAR,PASSAR,PASSER,PASSARE,TRECE
PASSATO,sm,PASSADO,PASADO,PASSAT,PASSÉ,PASSATO,TRECUT
PASSEJJARE,vi,PASSEAR,PASEAR,PASSEJAR,PROMENER,PASSEGGIARE,PLIMBA
PASSEJJO,sm,PASSEIO,PASEO,PASSEIG,PROMENADE,PASSEGGIATA,PLIMBARE
PASSO,sm,PASSO,PASO,PAS,PAS,PASSO,PAS
PASTO,sm,REFEIÇÃO,COMIDA,ÀPAT,REPAS,PASTO,MASĂ
PATATA,sf,BATATA,PATATA,PATATA,POMME DE TERRE,PATATA,CARTOF
PATÈLLA,sf,FRIGIDEIRA,SARTÉN,PAELLA,POÊLE,PADELLA,TIGAIE
PATRE,sm,PAI,PADRE,PARE,PÈRE,PADRE,TATĂ
PATTA,sf,PATA,PATA,POTA,PATTE,ZAMPA,LABĂ
PAUCO,adj,POUCO,POCO,POC,PEU DE,POCO,PUŢIN
PAUCO,sm,POUCO,POCO,POC,PEU,PO’,PIC
PAUCO,adv,POUCO,POCO,POC,PEU,POCO,PUŢIN
PAUCO,adv,ALGO,ALGO,MICA,PEU ,PO’,CAM
PÀUPERO,adj,POBRE,POBRE,POBRE,PAUVRE,POVERO,SĂRAC
PECTENARE-SE,vr,PENTEAR-SE,PEINARSE,PENTINAR-SE,SE COIFFER ,PETTINARSI,PIEPTĂNA
PÈCTENE,sm,PENTE,PEINE,PINTA,PEIGNE,PETTINE,PIEPTENE
PÈCTO,sm,PEITO,PECHO,PIT,POTRINE,PETTO,PIEPT
PÈDE,sm,PÉ,PIE,PEU,PIED,PIEDE,PICIOR
PEDOCLO,sm,PIOLHO,PIOJO,POLL,POU,PIDOCCHIO,PĂDUCHE
PEJJORE,adj,PIOR,PEOR,PITJOR,PIRE,PEGGIORE,RĂU
PEJJORE,adv,PIOR,PEOR,PITJOR,PIS,PEGGIO,RĂU
PELA,sf,BOLA,PELOTA,PILOTA,BALLE,PALLA,MINGE
PÈLLE,sf,PELE,PIEL,PELL,PEAU,PELLE,PIELE
PELO,sm,PELO,PELO,PÈL,POIL,PELO,PĂR
PENA,sf,PENA,PENA,PENA,PEINE,PENA,PĂS
PENDERE,vti,PENDURAR,COLGAR,PENJAR,PENDRE,APPENDERE,AGĂŢA
PÉNGERE,vt,PINTAR,PINTAR,PINTAR,PEINDRE,DIPINGERE,PICTA
PENSARE,vt,PENSAR,PENSAR,PENSAR,PENSER,PENSARE,GÂNDI
PER,prep,POR,POR,PER,POUR,PER,PENTRU
PER FAVORE,inter,FAVOR,FAVOR,PLAU,PLAÎT ,PER FAVORE,ROG
PER QUE,adv,PORQUE,POR QUÉ,PER QUÈ,POURQUOI,PERCHÉ,PENTRU CE
PER QUE,conj,PORQUE,PORQUE,PERQUÈ,PARCE QUE,PERCHÉ,PENTRU CĂ
PERA,sf,PÊRA,PERA,PERA,POIRE,PERA,PARĂ
PÈRDERE,vt,PERDER,PERDER,PERDRE,PERDRE,PERDERE,PIERDE
PÈRDERE,vt,PERDER,PERDER,PERDRE,PERDRE,PERDERE,PIERDE
PERDONARE,vt,PERDOAR,PERDONAR,PERDONAR,PARDONNER,PERDONARE,IERTA
PERDONATE,inter,PERDÃO,PERDÓN,PERDÓ,PARDON,SCUSI MI DISPIACE,PARDON
PERMÉTTERE,vt,PERMITIR,PERMITIR,PERMETRE,PERMETTRE,PERMETTERE,PERMITE
PERSEQUIRE,vt,FORA,ECHAR,FORA,JETER DEHORS,SCACCIARE,AFARĂ
PERSONA,sf,PESSOA,PERSONA,PERSONA,PERSONNE,PERSONA,PERSOANĂ
PESANTE,adj,PESADO,PESADO,PESAT,LOURD,PESANTE,GREU
PESARE,vi,PESAR,PESAR,PESAR,PESER,PESARE,CÂNTĂRI
PESCARE,vt,PESCAR,PESCAR,PESCAR,PÊCHER,PESCARE,PESCUI
PESCE,sm,PEIXE,PEZ,PEIX,POISSON,PESCE,PEŞTE
PÈTERE,vt,PEDIR,PEDIR,DEMANAR,DEMANDER,CHIEDERE,CERE
PÈTRA,sf,PEDRA,PIEDRA,PEDRA,PIERRE,PIETRA,PIATRĂ
PÈTRO,sm,PEDRO,PEDRO,PERE,PIERRE,PIETRO,PETRE
PETTITTO,adj,PEQUENO,PEQUEÑO,PETIT,PETIT,PICCOLO,MIC
PIANO,sm,PIANO,PIANO,PIANO,PIANO,PIANOFORTE,PIAN
PIJAMA,sm,PIJAMA,PIJAMA,PIJAMA,PYJAMA,PIGIAMA,PIJAMA
PISCINA,sf,PISCINA,PISCINA,PISCINA,PISCINE,PISCINA,PISCINĂ
PISSÎARE,vi,MIJAR,MEAR,PIXAR,PISSER,PISCIARE,PIŞA
PLACERE,vi,GOSTAR,GUSTAR,AGRADAR,AIMER,PIACERE,PLĂCEA
PLAJJA,sf,PRAIA,PLAYA,PLATJA,PLAGE,SPIAGGIA,PLAJĂ
PLANO,sm,ANDAR,PISO,PIS,ÉTAGE,PIANO,ETAJ
PLANTA,sf,PLANTA,PLANTA,PLANTA,PLANTE,PIANTA,PLANTĂ
PLATTO,sm,PRATO,PLATO,PLAT,ASSIETTE,PIATTO,FARFURIE
PLATTSA,sf,PRAÇA,PLAZA,PLAÇA,PLACE,PIAZZA,PIAŢĂ
PLENO,adj,CHEIO,LLENO,PLE,PLEIN,PIENO,PLIN
PLOBBIA,sf,CHUVA,LLUVIA,PLUJA,PLUIE,PIOGGIA,PLOAIE
PLORARE,vi,CHORAR,LLORAR,PLORAR,PLEURER,PIANGERE,PLÂNGE
PLÒVERE,vi,CHOVER,LLOVER,PLOURE,PLEUVOIR,PIOVERE,PLOUA
PLUMA AD BOLLA,sf,ESFEROGRÁFICA,BOLÍGRAFO,BOLÍGRAF,STYLO À BILLE,PENNA A SFERA,PIX
PLUMA STILOGRÀFICA,sf,PENA,PLUMA,PLOMA,PLUME ,PENNA,PANĂ
PLUMA,sf,PENA,PLUMA,PLOMA,PLUME,PENNA,PANĂ
PLUS,adv,MAIS,MÁS,MÉS,PLUS,PIÙ,MAI
PLUS,adj,MAIS,MÁS,MÉS,PLUS DE,PIÙ,MAI MULT DE
PLUS TARDE,adv,LOGO,LUEGO,SEGUIT,SUITE ,SEGUITO,ÎNDATĂ
POGNALARE,vt,APUNHALAR,APUÑALAR,APUNYALAR,POIGNARDER,ACCOLTELLARE,ÎNJUNGHIA
POLITSARIO,sm,POLÍCIA,POLICÍA,POLICIA,POLICIER,POLIZIOTTO,POLIŢIST
POLITSÍA,sf,POLÍCIA,POLICÍA,POLICIA,POLICE,POLIZIA,POLIŢIE
POLLO,sm,FRANGO,POLLO,POLLASTRE,POULET,POLLO,PUI
POLTRONA,sf,POLTRONA,SILLÓN,BUTACA,FAUTEUIL,POLTRONA,FOTOLIU
PÓLVERE,sf,PÓ M,POLVO,POLS,POUSSIÈRE,POLVERE,PRAF
POMO,sm,MAÇÃ,MANZANA,POMA,POMME,MELA,MĂR
PÓNERE,vt,PÔR,PONER,POSAR,METTRE,METTERE,PUNE
PÓNERE-SE EN PÈDES,vr,LEVANTAR-SE,PIE,AIXECAR-SE,SE LEVER,ALZARSI,RIDICA
PÓNERE-SE,vr,PÔR,PONERSE,POSAR-SE,METTRE,INDOSSARE,PUNE
PÒNTE,sm,PONTE,PUENTE,PONT,PONT,PONTE,POD
PONTO,sm,PONTO,PUNTO,PUNT,POINT,PUNTO,PUNCT
PÒPOLO,sm,POVO,PUEBLO,POBLE,PEUPLE,POPOLO,POPOR
POR,prep,PARA,PARA,PER A,POUR,PER,PENTRU
PÒRCO,sm,PORCO,CERDO,PORC,PORC,MAIALE,PORC
PÒRTA,sf,PORTA,PUERTA,PORTA,PORTE,PORTA,POARTĂ
PORTAFÒLLÎO,sm,CARTEIRA,CARTERA,CARTERA,PORTEFEUILLE,PORTAFOGLIO,PORTOFEL
PORTARE,vt,TRAZER,TRAER,PORTAR,APPORTER,PORTARE,ADUCE
PORTARE,vt,LEVAR,LLEVAR,PORTAR,PORTER,PORTARE,DUCE
PÒRTO,sm,PORTO,PUERTO,PORT,PORT,PORTO,PORT
PORTUGHESE,sm,PORTUGUÊS,PORTUGUÉS,PORTUGUÈS,PORTUGAIS,PORTOGHESE,PORTUGHEZĂ
PÒS,prep (adv),DEPOIS DE,DESPUÉS DE,DESPRÉS DE,APRÈS ,DOPO,DUPĂ
PÒS QUE,conj,POIS,PUES,DONCS,DONC,POICHÉ,CĂCI
POSMEJJODÍA,sm,TARDE,TARDE,TARDA,APRÈS-MIDI,POMERIGGIO,DUPĂ-AMIAZĂ
POSSEDERE,vt,POSSUIR,POSEER,POSSEIR,POSSÉDER,POSSEDERE,POSEDA
POSSÍBILE,adj,POSSÍVEL,POSSIBLE,POSSIBLE,POSSIBLE,POSSIBILE,POSIBIL
PÒSTA,sf,CORREIO,CORREO,CORREU,POSTE,POSTA,POŞTĂ
POSTINO,sm,CARTEIRO,CARTERO,CARTER,FACTEUR,POSTINO,POŞTAŞ
POTECA,sf,LOJA,TIENDA,BOTIGA,BOUTIQUE,NEGOZIO,PRĂVĂLIE
POTERE,vt,PODER,PODER,PODER,POUVOIR,POTERE,PUTEA
POTERE,sm,PODER,PODER,PODER,POUVOIR,POTERE,PUTERE
POTERE,vn,PODER,PODER,PODER ÉSSER,POUVOIR,POTER ESSERE,PUTEA
PÓTREDO,adj,PODRE,PODRIDO,PODRIT,POURRI,MARCITO,PUTRED
POTTSA,sf,CHARCO,CHARCO,TOLL,MARE,POZZA,BĂLTOACĂ
POTTSO,sm,POÇO,POZO,POU,PUITS,POZZO,PUŢ
PRANDZARE,vti,ALMOÇAR,COMER,DINAR,DÉJEUNER,PRANZARE,PRÂNZI
PRANDZO,sm,ALMOÇO,COMIDA,DINAR,DÉJEUNER,PRANZO,PRÂNZ
PRATO,sm,PRADO,PRADO,PRAT,PRÉ,PRATO,PAJIŞTE
PRECISO,adj,PRECISO,PRECISO,PRECÍS,PRÉCIS,PRECISO,PRECIS
PREFERIRE,vt,PREFERIR,PREFERIR,PREFERIR,PRÉFÉRER,PREFERIRE,PREFERA
PRÈMERE,vt,APERTAR,PULSAR,PITJAR,APPUYER SUR,PREMERE,
PRÈNDERE,vt,TOMAR,TOMAR,PRENDRE,PRENDRE,PRENDERE,LUA
PRENOME,sm,NOME DO BAPTISMO,NOMBRE DE PILA,NOM DE FONTS,PRÉNOM,NOME DI BATTESIMO,NUME DE BOTEZ
PREPARARE,vt,PREPARAR,PREPARAR,PREPARAR,PRÉPARER,PREPARARE,PREGĂTI
PRESENTARE,vt,APRESENTAR,PRESENTAR,PRESENTAR,PRÉSENTER,PRESENTARE,PREZENTA
PRESÈNTE,sm,PRESENTE,PRESENTE,PRESENT,PRÉSENT,PRESENTE,PREZENT
PRESIDÈNTE,sm,PRESIDENTE,PRESIDENTE,PRESIDENT,PRÉSIDENT,PRESIDENTE,PREŞEDINTE
PRESSA,sf,PRESSA,PRISA,PRESSA,HÂTE,FRETTA,GRABĂ
PRÈSSO,prep (adv),PERTO,CERCA,PROP,PRÈS,VICINO,APROAPE
PRESTARE,vt,EMPRESTAR,PRESTAR,PRESTAR,PRÊTER ,PRESTARE,ÎMPRUMUTA
PRÈSTO,adv,CEDO,PRONTO,AVIAT,TÔT,PRESTO,IUTE
PRÈTTSO,sm,PREÇO,PRECIO,PREU,PRIX,PREZZO,PREŢ
PRIMAVERA,sf,PRIMAVERA,PRIMAVERA,PRIMAVERA,PRINTEMPS,PRIMAVERA,PRIMĂVARĂ
PRIMO,adj,PRIMEIRO,PRIMER,PRIMER,PREMIER,PRIMO,ÎNTÂI
PRINCIPALE,adj,PRINCIPAL,PRINCIPAL,PRINCIPAL,PRINCIPAL,PRINCIPALE,PRINCIPAL
PRINCIPIO,sm,PRINCÍPIO,PRINCIPIO,PRINCIPI,DÉBUT,PRINCIPIO,ÎNCEPUT
PROBLÈMA,sm,PROBLEMA,PROBLEMA,PROBLEMA,PROBLÈME,PROBLEMA,PROBLEMĂ
PRODÚCERE,vt,PRODUZIR,PRODUCIR,PRODUIR,PRODUIRE,PRODURRE,PRODUCE
PROFESSORE,sm,PROFESSOR,PROFESOR,PROFESSOR,PROFESSEUR,PROFESSORE,PROFESOR
PROFUNDO,adj,PROFUNDO,PROFUNDO,PROFUND,PROFOND,PROFONDO,ADÂNC
PROGRAMMA,sm,PROGRAMA,PROGRAMA,PROGRAMA,PROGRAMME,PROGRAMMA,PROGRAM
PROHIBIRE,vt,PROIBIR,PROHIBIR,PROHIBIR,DÉFENDRE,PROIBIRE,INTERZICE
PROMESSA,sf,NOIVA,NOVIA,XICOTA,FIANCÉE,FIDANZATA,LOGODNICĂ
PROMESSO,sm,NOIVO,NOVIO,XICOT,FIANCÉ,FIDANZATO,LOGODNIC
PRONUNTIARE,vt,PRONUNCIAR,PRONUNCIAR,PRONUNCIAR,PRONONCER,PRONUNCIARE,PRONUNŢA
PROPÓNERE,vt,PROPOR,PROPONER,PROPOSAR,PROPOSER,PROPORRE,PROPUNE
PROPÒSITO,sm,PROPÓSITO,PROPÓSITO,PROPÒSIT,PROPOS,PROPOSITO,GÂND
PRÒPRIO,adj,PRÓPRIO,PROPIO,PROPI,PROPRE,PROPRIO,PROPRIU
PRÒVA,sf,PROVA,PRUEBA,PROVA,ÉPREUVE,PROVA,PROBĂ
PROVARE,vt,PROVAR,PROBAR,PROVAR,ÉPROUVER,PROVARE,PROBA
PRÒXIMO,adj,PRÓXIMO,PRÓXIMO,PRÒXIM,PROCHAIN,PROSSIMO,APROPIAT
PRUNA,sf,AMEIXA,CIRUELA,PRUNA,PRUNE,PRUGNA,PRUNĂ
PÚBLICO,adj,PÚBLICO,PÚBLICO,PÚBLIC,PUBLIC,PUBBLICO,PUBLIC
PUPA,sf,BONECA,MUÑECA,NINA,POUPÉE,BAMBOLA,PĂPUŞĂ
PURO,adj,PURO,PURO,PUR,PUR,PURO,PUR
QUADÈRNO,sm,CADERNO,CUADERNO,QUADERN,CAHIER,QUADERNO,CAIET
QUADRO,sm,QUADRO,CUADRO,QUADRE,TABLEAU,QUADRO,TABLOU
QUALCUNO,pron,ALGUM,ALGUNO,ALGUN,QUELQU’UN,QUALCUNO,VREUNUL
QUALCUNO,pron,ALGUÉM,ALGUIEN,ALGÚ,QUELQU’UN,QUALCUNO,CINEVA
QUALE,pron,QUAL,CUÁL,QUIN,QUEL,QUALE,CARE
QUALE,pron,QUAL,CUAL,QUAL,LEQUEL,QUALE,CARE
QUALONQUE,adj,QUALQUER,CUALQUIERA,QUALSEVOL,QUELCONQUE,QUALUNQUE,OARECARE
QUALQUE,adj,ALGUM,ALGÚN,ALGUN,QUELQUE,QUALCHE,VREUN
QUALQUE CAUSA,pron,ALGO,ALGO,ALGUNA COSA,QUELQUE CHOSE,QUALCOSA,CEVA
QUANDO,conj,QUANDO,CUANDO,QUAN,QUAND,QUANDO,CÂND
QUANDO,adv,QUANDO,CUÁNDO,QUAN,QUAND,QUANDO,CÂND
QUANTO,adj,QUANTO,CUÁNTO,QUANT,COMBIEN DE,QUANTO,CÂT
QUANTO,adv,QUANTO,CUÁNTO,QUANT,COMBIEN,QUANTO,CÂT
QUARANTA,adj,QUARENTA,CUARENTA,QUARANTA,QUARANTE,QUARANTA,PATRUZECI
QUARTO,adj,QUARTO,CUARTO,QUART,QUATRIÈME,QUARTO,PATRULEA
QUARTO DE HORA,sm,QUARTO DE HORA,CUARTO DE HORA,QUART D’HORA,QUART D’HEURE,QUARTO D’ORA,SFERT DE ORĂ
QUASI,adv,QUASE,CASI,GAIREBÉ,PRESQUE,QUASI,APROAPE
QUATTÓRDECE,adj,CATORZE,CATORCE,CATORZE,QUATORZE,QUATTORDICI,PAISPREZECE
QUATTRO,adj,QUATRO,CUATRO,QUATRE,QUATRE,QUATTRO,PATRU
QUE,conj,QUE,QUE,QUE,QUE,CHE,CĂ
QUE,pron,QUE,QUE,QUE,QUE,CHE,CE
QUESTIONE,sf,QUESTÃO,CUESTIÓN,QÜESTIÓ,QUESTION,QUESTIONE,CHESTIUNE
QUI,pron,QUEM,QUIEN,QUI,QUI,CHI,CINE
QUIETO,adj,QUIETO,QUIETO,QUIET,CALME,CALMO,LINIŞTIT
QUÍNDECE,adj,QUINZE,QUINCE,QUINZE,QUINZE,QUINDICI,CINCISPREZECE
QUINTO,adj,QUINTO,QUINTO,CINQUÈ,CINQUIÈME,QUINTO,QUINTO
RÀDERE,vt,RASCAR,RASPAR,RASPAR,GRATTER,RASCHIARE,RĂZUI
RADICE,sf,RAIZ,RAÍZ,ARREL,RACINE,RADICE,RĂDĂCINĂ
RADIO,sf,RÁDIO,RADIO,RÀDIO,RADIO,RADIO,RADIO
RÀPIDAMENTE,adv,RÁPIDAMENTE,RÁPIDAMENTE,RÀPIDAMENT,RAPIDEMENT,RAPIDAMENTE,REPEDE
RÀPIDO,adj,RÁPIDO,RÁPIDO,RÀPID,RAPIDE,RAPIDO,RAPID
RARO,adj,RARO,RARO,RAR,RARE,RARO,RAR
RASARE,vt,RASPAR,AFEITAR,AFAITAR,RASER,RADERE,RADE
RATTSONE,sf,RAZÃO,RAZÓN,RAÓ,RAISON,RAGIONE,RAŢIUNE
REALE,adj,REAL,REAL,REAL,RÉEL,REALE,REAL
REALITATE,sf,REALIDADE,REALIDAD,REALITAT,RÉALITÉ,REALTÀ,REALITATE
RECÉPERE,vt,RECEBER,RECIBIR,REBRE,RECEVOIR,RICEVERE,PRIMI
RECOLLÉGERE,vt,APANHAR,RECOGER,RECOLLIR,RAMASSER,RACCOGLIERE,CULEGE
RECONÓSCERE,vt,RECONHECER,RECONOCER,RECONÈIXER,RECONNAÎTRE,RICONOSCERE,RECUNOAŞTE
RECONTARE,vt,CONTAR,CONTAR,CONTAR,RACONTER,RACCONTARE,POVESTI
RECORDARE,vt,LEMBRAR,RECORDAR,RECORDAR,RAPPELER,RICORDARE,AMINTI
RECORDARE-SE,vr,RECORDAR-SE,ACORDARSE,RECORDAR-SE,SE RAPPELER,RICORDARSI,AMINTI
RÈCTO,adj,RETO,RECTO,RECTE,DROIT,RETTO,DREPT
REFERIRE-SE,vr,REFERIR-SE,REFERIRSE,REFERIR-SE,SE RAPPORTER ,RIFERIRSI,REFERI
REGE,sm,REI,REY,REI,ROI,RE,REGE
REGINA,sf,RAINHA,REINA,REINA,REINE,REGINA,REGINĂ
REGIONE,sf,REGIÃO,REGIÓN,REGIÓ,RÉGION,REGIONE,REGIUNE
REGLA,sf,RÉGUA,REGLA,REGLE,RÈGLE,RIGA,RIGLĂ
RÉGULA,sf,REGRA,REGLA,REGLA,RÈGLE,REGOLA,REGULĂ
REGULARE,adj,REGULAR,REGULAR,REGULAR,RÉGULIER,REGOLARE,REGULAT
RELATIONE,sf,RELAÇÃO,RELACIÓN,RELACIÓ,RELATION,RELAZIONE,RELAŢIE
REMANERE,vi,FICAR,QUEDARSE,RESTAR,RESTER,RIMANERE,RĂMÂNE
RÈNDERE-SE CÒNTO,vr,REPARAR,FIJARSE,ADONAR-SE,S'APERCEVOIR ,ACCORGERSI,ATENT
REPARARE,vt,REPARAR,REPARAR,REPARAR,RÉPARER,RIPARARE,REPARA
REPAUSARE,vi,DESCANSAR,DESCANSAR,DESCANSAR,REPOSER ,RIPOSARSI,ODIHNI
REPÈTERE,vt,REPETIR,REPETIR,REPETIR,RÉPÉTER,RIPETERE,REPETA
RESPIRARE,vi,RESPIRAR,RESPIRAR,RESPIRAR,RESPIRER,RESPIRARE,RESPIRA
RESPÒNDERE,vt,RESPONDER,CONTESTAR,CONTESTAR,RÉPONDRE,RISPONDERE,RĂSPUNDE
RESTARE,vi,FICAR,QUEDAR,QUEDAR,RESTER,RESTARE,RĂMÂNE
RESTAURANTE,sm,RESTAURANTE,RESTAURANTE,RESTAURANT,RESTAURANT,RISTORANTE,RESTAURANT
RESTO,sm,RESTO,RESTO,RESTA,RESTE,RESTO,REST
RESULTARE,vi,RESULTAR,RESULTAR,RESULTAR,RÉSULTER,RISULTARE,REZULTA
RETE,sf,REDE,RED,XARXA,FILET,RETE,REŢEA
RÈTRO,prep (adv),TRÁS,TRAS,DARRERE,DERRIÈRE,DIETRO,DUPĂ
REVISTA,sf,REVISTA,REVISTA,REVISTA,REVUE,RIVISTA,REVISTĂ
RICCO,adj,RICO,RICO,RIC,RICHE,RICCO,BOGAT
RÍDERE,vi,RIR,REÍR,RIURE,RIRE,RIDERE,RÂDE
RISO,sm,RISO,RISA,RIURE,RIRE,RISO,RÂS
RISO,sm,ARROZ,ARROZ,ARRÒS,RIZ,RISO,OREZ
RIVO,sm,RIACHO,RIACHO,RIEROL,RUISSEAU,RUSCELLO,PÂRÂU
RÒCCA,sf,ROCHA,ROCA,ROCA,ROCHE,ROCCIA,ROCĂ
ROMANCE,sm,ROMANÇO,ROMANCE,ROMANÇ,ROMAN,VOLGARE,LIMBĂ ROMANICĂ
RÓMPERE,vt,ROMPER,ROMPER,TRENCAR,CASSER,ROMPERE,RUPE
RÒSA,sf,ROSA,ROSA,ROSA,ROSE,ROSA,TRANDAFIR
ROSATO,adj,COR-DE-ROSA,ROSA,ROSA,ROSE,ROSATO,ROZ
ROSSO,adj,VERMELHO,ROJO,VERMELL,ROUGE,ROSSO,ROŞU
RÒTA,sf,RODA,RUEDA,RODA,ROUE,RUOTA,ROATĂ
ROTONDO,adj,REDONDO,REDONDO,RODÓ,ROND,ROTONDO,ROTUND
RUMÈNO,sm,ROMENO,RUMANO,ROMANÈS,ROUMAIN,ROMENO,ROMÂNĂ
SÀBATO,sm,SÁBADO,SÁBADO,DISSABTE,SAMEDI,SABATO,SÂMBĂTĂ
SAIA,sf,SAIA,FALDA,FALDILLA,JUPE,GONNA,FUSTĂ
SALA,sf,SALA,SALA,SALA,SALLE,SALA,SALĂ
SALE,sm,SAL,SAL,SAL,SEL,SALE,SARE
SALTARE,vi,SALTAR,SALTAR,SALTAR,SAUTER,SALTARE,SĂRI
SALTO,sm,SALTA,SALTO,SALT,SAUT,SALTO,SĂRITURĂ
SALUTARE,vt,SAUDAR,SALUDAR,SALUDAR,SALUER,SALUTARE,SALUTA
SALVE,inter,OLÁ,HOLA,HOLA,SALUT,CIAO,SALUT
SANGUE,sm,SANGUE,SANGRE,SANG,SANG,SANGUE,SÂNGE
SANO,adj,SÃO M,SANO,SA,SAIN,SANO,SĂNĂTOS
SAPERE,vt,SABER,SABER,SABER,SAVOIR,SAPERE,ŞTI
SAPONE,sm,SABÃO,JABÓN,SABÓ,SAVON,SAPONE,SĂPUN
SCIÈNTIA,sf,CIÊNCIA,CIENCIA,CIÈNCIA,SCIENCE,SCIENZA,ŞTIINŢĂ
SE,pron,SE,SE,HOM,ON,SI,SE
SE,pron,SE,SE,ES,SE,SI,SE
SECCARE,vt,SECAR,SECAR,ASSECAR,SÉCHER,ASCIUGARE,USCA
SECCO,adj,SECO,SECO,SEC,SEC,SECCO,USCAT
SECLA,sf,BALDE,CUBO,GALLEDA,SEAU,SECCHIO,GĂLEATĂ
SÈCOLO,sm,SÉCULO,SIGLO,SEGLE,SIÈCLE,SECOLO,SECOL
SECONDO,adj,SEGUNDO,SEGUNDO,SEGON,DEUXIÈME,SECONDO,DOILEA
SECONDO,sm,SEGUNDO,SEGUNDO,SEGON,SECONDE,SECONDO,SECUNDĂ
SECONDO,prep,SEGUNDO,SEGÚN,SEGONS,SELON,SECONDO,DUPĂ
SECURO,adj,SEGURO,SEGURO,SEGUR,SÛR,SICURO,SIGUR
SÈDECE,adj,DEZASSEIS,DIECISÉIS,SETZE,SEIZE,SEDICI,ŞAISPREZECE
SEDERE,vi,SENTADO,SENTADO,SEURE,ASSEOIR,SEDERE,ȘEDEA
SEDERE-SE,vr,SENTAR-SE,SENTARSE,ASSEURE’S,S'ASSEOIR ,SEDERSI,AŞEZA
SEDILE,sm,ASSENTO,ASIENTO,SEIENT,SIÈGE,SEDILE,SCAUN
SEGELLO,sm,SELO,SELLO,SEGELL,TIMBRE,FRANCOBOLLO,TIMBRU
SEGNALE,sm,SINAL,SEÑAL,SENYAL,SIGNAL,SEGNALE,SEMN
SÈLLA,sf,CADEIRA,SILLA,CADIRA,CHAISE,SEDIA,SCAUN
SELVA,sf,BOSQUE,BOSQUE,BOSC,BOIS,BOSCO,PĂDURE
SEMÀFORO,sm,SEMÁFORO,SEMÁFORO,SEMÀFOR,FEUX,SEMAFORO,STOP
SEMELARE,vi,PARECER,PARECER,SEMBLAR,SEMBLER,SEMBRARE,PĂREA
SEMELARE-SE,vr,PARECER-SE,PARECERSE,ASSEMBLAR-SE,RESSEMBLER,ASSOMIGLIARE,ASEMĂNA
SEMÈNTE,sf,SEMENTE,SEMILLA,LLAVOR,GRAINE,SEME,SĂMÂNŢĂ
SÈMPRE,adv,SEMPRE,SIEMPRE,SEMPRE,TOUJOURS,SEMPRE,TOTDEAUNA
SENE,prep,SEM,SIN,SENSE,SANS,SENZA,FĂRĂ
SENESTRA,sf,ESQUERDA,IZQUIERDA,ESQUERRA,GAUCHE,SINISTRA,STÂNGĂ
SENESTRO,adj,ESQUERDO,IZQUIERDO,ESQUERRE,GAUCHE,SINISTRO,STÂNG
SENNÎORA,sf,SENHORA,SEÑORA,SENYORA,MADAME,SIGNORA,DOAMNĂ
SENNÎORE,sm,SENHOR,SEÑOR,SENYOR,MONSIEUR,SIGNORE,DOMN
SENNÎORETTA,sf,MENINA,SEÑORITA,SENYORETA,MADEMOISELLE,SIGNORINA,DOMNIŞOARĂ
SENNÎORETTO,sm,PATRÃOZINHO,SEÑORITO,SENYORET,MONSIEUR ,SIGNORINO,DOMNIŞOR
SENO,sf,PEITO,PECHO,PIT,POTRINE,SENO,SÂN
SÈNSO,sm,SENTIDO,SENTIDO,SENTIT,SENS,SENSO,SIMŢ
SENTIRE,vt,SENTIR,SENTIR,SENTIR,SENTIR,SENTIRE,SIMŢI
SENTIRE-SE,vr,SENTIR-SE,SENTIRSE,SENTIR-SE,SE SENTIR ,SENTIRSI,SIMŢI
SEPTANTA,adj,SETENTA,SETENTA,SETANTA,SOIXANTE-DIX,SETTANTA,ŞAPTEZECI
SÈPTE,adj,SETE,SIETE,SET,SEPT,SETTE,ŞAPTE
SEPTEMANA,sf,SEMANA,SEMANA,SETMANA,SEMAINE,SETTIMANA,SĂPTĂMÂNĂ
SEPTÈMBRE,sm,SETEMBRO,SEPTIEMBRE,SETEMBRE,SEPTEMBRE,SETTEMBRE,SEPTEMBRIE
SÈPTIMO,adj,SÉTIMO,SÉPTIMO,SETÈ,SEPTIÈME,SETTIMO,ŞAPTELEA
SEQUÈNTE,adj,SEGUINTE,SIGUIENTE,SEGÜENT,SUIVANT,SEGUENTE,URMĂTOR
SEQUIRE,vt,SEGUIR,SEGUIR,SEGUIR,SUIVRE,SEGUIRE,URMA
SERA,sf,TARDE,TARDE,CAPVESPRE,SOIR,SERA,CHINDIE
SÈRPE,sf,SERPENTE,SERPIENTE,SERP,SERPENT,SERPENTE,ŞARPE
SÈRRA,sf,SERRA,SIERRA,SERRA,SCIE,SEGA,FERĂSTRĂU
SERVIRE,vi,SERVIR,SERVIR,SERVIR,SERVIR,SERVIRE,SERVI
SERVITIO,sm,SERVIÇO,SERVICIO,SERVEI,SERVICE,SERVIZIO,SERVICIU
SETE,sf,SEDE,SED,SET,SOIF,SETE,SETE
SÈX,adj,SEIS,SEIS,SIS,SIX,SEI,ŞASE
SEXANTA,adj,SESSENTA,SESENTA,SEIXANTA,SOIXANTE,SESSANTA,ŞAIZECI
SÈXO,sm,SEXO,SEXO,SEXE,SEXE,SESSO,SEX
SÈXTO,adj,SEXTO,SEXTO,SISÈ,SIXIÈME,SESTO,ŞASELEA
SÍ,pron,SI,SÍ,SI,SOI,SÉ,SINE
SÍ,adv,SIM,SÍ,SÍ,OUI,SÌ,DA
SI,conj,SE,SI,SI,SI,SE,DACĂ
SI BÈNE,conj,EMBORA,AUNQUE,ENCARA QUE,QUOIQUE,SEBBENE,DEŞI
SIGNIFICARE,vt,SIGNIFICAR,SIGNIFICAR,SIGNIFICAR,SIGNIFIER,SIGNIFICARE,ÎNSEMNA
SIMPÀTICO,adj,SIMPÁTICO,SIMPÁTICO,SIMPÀTIC,SYMPATHIQUE,SIMPATICO,SIMPATIC
SOBTO,prep (adv),SOB,BAJO,SOTA,SOUS,SOTTO,SUB
SOFÀ,sm,SOFÁ,SOFÁ,SOFÀ,CANAPÉ,DIVANO,CANAPEA
SOFFLARE,vi,SOPRAR,SOPLAR,BUFAR,SOUFFLER,SOFFIARE,SUFLA
SOLDATO,sm,SOLDADO,SOLDADO,SOLDAT,SOLDAT,SOLDATO,SOLDAT
SOLE,sm,SOL,SOL,SOL,SOLEIL,SOLE,SOARE
SOLERE,vi,COSTUMAR,SOLER,SOLER,AVOIR L’HABITUDE DE,ESSERE SOLITO,OBIŞNUI
SÒLIDO,sm,SÓLIDO,SÓLIDO,SÒLID,SOLIDE,SOLIDO,SOLID
SOLO,adj,SÓ,SOLO,SOL,SEUL ,SOLO,SINGUR
SOLO,adv,SÓ,SOLO,NOMÉS,SEULEMENT,SOLO,NUMAI
SÒLO,sm,SOLO,SUELO,TERRA,SOL,SUOLO,SOL
SOMMA,sf,SOMA,SUMA,SUMA,SOMME,SOMMA,SUMĂ
SÒMNO,sm,SONO,SUEÑO,SON,SOMMEIL,SONNO,SOMN
SÒNNÎO,sm,SONHO,SUEÑO,SOMNI,RÊVE,SOGNO,VIS
SÒNO,sm,SOM,SONIDO,SO,SON,SUONO,SUNET
SOO,adj,SEU,SU,SEU,SON,SUO,SĂU
SOO,pron,SEU,SUYO,SEU,SIEN,SUO,SĂU
SOPPA,sf,SOPA,SOPA,SOPA,SOUPE,MINESTRA,SUPĂ
SOPPRÍMERE,vt,SUPRIMIR,SUPRIMIR,SUPRIMIR,SUPPRIMER,SOPPRIMERE,SUPRIMA
SOPRE,prep (adv),SOBRE,SOBRE,DAMUNT,SUR,SOPRA,PE
SORDO,adj,SURDO,SORDO,SORD,SOURD,SORDO,SURD
SORORE,sf,IRMÃ,HERMANA,GERMANA,SŒUR,SORELLA,SORĂ
SORPRÈNDERE,vt,SURPREENDER,SORPRENDER,SORPRENDRE,SURPRENDRE,SORPRENDERE,SURPRINDE
SORPRESA,sf,SURPRESA,SORPRESA,SORPRESA,SURPRISE,SORPRESA,SURPRIZĂ
SOSPÈNDERE,vt,SUSPENDER,SUSPENDER,SUSPENDRE,SUSPENDRE,SOSPENDERE,SUSPENDA
STATIONE,sf,ESTAÇÃO,ESTACIÓN,ESTACIÓ,GARE,STAZIONE,GARĂ
STUDIANTE,sm,ESTUDANTE,ESTUDIANTE,ESTUDIANT,ÉTUDIANT,STUDENTE,STUDENT
STUDIARE,vt,ESTUDAR,ESTUDIAR,ESTUDIAR,ÉTUDIER,STUDIARE,STUDIA
SÚCCARO,sm,AÇÚCAR,AZÚCAR,SUCRE,SUCRE,ZUCCHERO,ZAHĂR
SUCCÈDERE,vn,SUCEDER,OCURRIR,SUCCEIR,ARRIVER,SUCCEDERE,ÎNTÂMPLA
SUCCÈSSO,sm,ÊXITO,ÉXITO,ÈXIT,SUCCÈS,SUCCESSO,SUCCES
SUCCO,sm,SUMO,ZUMO,SUC,JUS,SUCCO,SUC
SUCO,sm,SUCO,JUGO,SUC,JUS,SUCCO,SUC
SUDE,sm,SUL,SUR,SUD,SUD,SUD,SUD
SUFFICIÈNTE,adj,SUFICIENTE,SUFICIENTE,SUFICIENT,SUFFISANT,SUFFICIENTE,SUFICIENT
SUFFICIÈNTEMENTE,adv,BASTANTE,BASTANTE,PROU,ASSEZ,ABBASTANZA,DESTUL
SÚGERE,vt,CHUPAR,CHUPAR,XUCLAR,SUCER,SUCCHIARE,SUGE
SUPERMERCATO,sm,SUPERMERCADO,SUPERMERCADO,SUPERMERCAT,SUPERMARCHÉ,SUPERMERCATO,ALIMENTARĂ
SUPPÓNERE,vt,SUPOR,SUPONER,SUPOSAR,SUPPOSER,SUPPORRE,PRESUPUNE
SUSO,prep,ACIMA,ARRIBA,AMUNT,EN HAUT,SU,SUS
TACERE,vi,CALAR,CALLAR,CALLAR,TAIRE,TACERE,TĂCEA
TALE,adj,TAL,TAL MF,TAL,TEL,TALE,ATARE
TALLÎARE,vt,CORTAR,CORTAR,TALLAR,COUPER,TAGLIARE,TĂIA
TANTO,adj,TANTO,TANTO,TANT,TANT DE,TANTO,ATÂTA
TANTO,adv,TANTO,TANTO,TANT,TANT,TANTO,ATÂT DE
TAPPETO,sm,TAPETE,ALFOMBRA,CATIFA,TAPIS,TAPPETO,COVOR
TARDARE,vi,TARDAR,TARDAR,TARDAR,TARDER,TARDARE,ÎNTÂRZIA
TARDE,adv,TARDE,TARDE,TARD,TARD,TARDI,TÂRZIU
TASSA,sf,CHÁVENA,TAZA,TASSA,TASSE,TAZZA,CEAŞCĂ
TAULA,sf,TÁBUA,TABLA,TAULA,PLANCHE,ASSE,SCÂNDURĂ
TAULA NEGRA,sf,QUADRO PRETO,PIZARRA,PISSARRA,TABLEAU NOIR,LAVAGNA,TABLĂ DE ŞCOLAR
TAURO,sm,TOURO,TORO,BRAU,TAUREAU,TORO,TAUR
TAXI,sm,TÁXI,TAXI,TAXI,TAXI,TAXI,TAXI
TE,pron,TE,TE,ET,TE,TI,TE
TE,pron,TE,TE,ET,TE,TI,ŢIE
TÉ,sm,CHÁ,TÉ,TE,THÉ,TÈ,CEAI
TEATRO,sm,TEATRO,TEATRO,TEATRE,THÉÂTRE,TEATRO,TEATRU
TECTO,sm,TOT,TECHO,SOSTRE,PLAFOND,SOFFITTO,TAVAN
TECTO,sm,TELHADO,TEJADO,TEULADA,TOIT,TETTO,ACOPERIŞ
TELA,sf,TECIDO,TELA,TELA,TISSU,STOFFA,STOFĂ
TELEFONARE,vti,TELEFONAR,TELEFONEAR,TELEFONAR,TÉLÉPHONER,TELEFONARE,TELEFONA
TELÈFONO,sm,TELEFONE,TELÉFONO,TELÈFON,TÉLÉPHONE,TELEFONO,TELEFON
TELEVISIONE,sf,TELEVISÃO,TELEVISIÓN,TELEVISIÓ,TÉLÉVISION,TELEVISIONE,TELEVIZIUNE
TEMERE,vt,TEMER,TEMER,TÉMER,CRAINDRE,TEMERE,TEME
TÈMPO,sm,TEMPO,TIEMPO,TEMPS,TEMPS,TEMPO,TIMP
TÈMPO,sm,TEMPO,TIEMPO,TEMPS,TEMPS,TEMPO,VREME
TENERE,vt,SUSTENTAR,SOSTENER,SOSTENIR,TENIR,TENERE,ȚINE
TENNIS,sm,TÉNIS,TENIS,TENNIS,TENNIS,TENNIS,TENIS
TÈRRA,sf,TERRA,TIERRA,TERRA,TERRE,TERRA,PĂMÂNT
TÈRRA,sf,TERRA,TIERRA,TERRA,TERRE,TERRA,PĂMÂNT
TERRACCÎA,sf,TERRAÇO,TERRAZA,TERRASSA,TERRASSE,TERRAZZA,TERASĂ
TÈRTSO,adj,TERCEIRO,TERCER,TERCER,TROISIÈME,TERZO,TREILEA
TI,pron,TI,TI,TU,TOI,TE,TINE
TÍA,sf,TIA,TÍA,TIA,TANTE,ZIA,MĂTUŞĂ
TIGRE,sm,TIGRE,TIGRE,TIGRE,TIGRE,TIGRE,TIGRU
TÍO,sm,TIO,TÍO,ONCLE,ONCLE,ZIO,UNCHI
TOCCARE,vt,TOCAR,TOCAR,TOCAR,TOUCHER,TOCCARE,ATINGE
TOMATE,sm,TOMATE,TOMATE,TOMÀQUET,TOMATE,POMODORO,ROŞIE
TOO,adj,TEU,TU,TEU,TON,TUO,TĂU
TOO,pron,TEU,TUYO,TEU,TIEN ,TUO,TĂU
TORNARE AD,vi,VOLTAR A,VOLVER A,TORNAR A,REMETTRE ,TORNARE A,REPETA
TORNARE,vi,VOLTAR,VOLVER,TORNAR,REVENIR,TORNARE,ÎNTOARCE
­TORNO,prep (adv),REDOR,ALREDEDOR,VOLTANT,AUTOUR,INTORNO,ÎMPREJUR
TORNO,sm,TORNEIRA,GRIFO,AIXETA,ROBINET,RUBINETTO,ROBINET
TORRE,sf,TORRE,TORRE,TORRE,TOUR,TORRE,TURN
TORTA,sf,BOLO,PASTEL,PASTÍS,GÂTEAU,TORTA,PRĂJITURĂ
TOTO,adj,TODO,TODO,TOT,TOUT,TUTTO,TOT
TOTO,adv,TODO,TODO,TOT,TOUT,TUTTO,TOTUL
TRACTARE,vt,TRATAR,TRATAR,TRACTAR,TRAITER,TRATTARE,TRATA
TRACTORE,sm,TRATOR,TRACTOR,TRACTOR,TRACTEUR,TRATTORE,TRACTOR
TRÀGERE,vt,PUXAR,TIRAR,TIRAR,TIRER,TIRARE,TRAGE
TRANQUILLO,adj,TRANQUILO,TRANQUILO,TRANQUIL,TRANQUILLE,TRANQUILLO,LINIŞTIT
TRÉDECE,adj,TREZE,TRECE,TRETZE,TREIZE,TREDICI,TREISPREZECE
TRÈNO,sm,COMBOIO,TREN,TREN,TRAIN,TRENO,TREN
TRENTA,adj,TRINTA,TREINTA,TRENTA,TRENTE,TRENTA,TREIZECI
TRES,adj,TRÊS,TRES,TRES,TROIS,TRE,TREI
TRISTE,adj,TRISTE,TRISTE,TRIST,TRISTE,TRISTE,TRIST
TROMPETTA,sf,TROMBETA,TROMPETA,TROMPETA,TROMPETTE,TROMBA,GOARNĂ
TRONCO,sm,TRONCO,TRONCO,TRONC,TRONC,TRONCO,TRUNCHI
TRÒPPO,adj,DEMASIADO,DEMASIADO,MASSA,TROP DE,TROPPO,PREA DE
TRÒPPO,adv,DEMASIADO,DEMASIADO,MASSA,TROP,TROPPO,PREA MULT
TU,pron,TU,TÚ,TU,TU ,TU,TU
TÚNNEL,sm,TÚNEL,TÚNEL,TÚNEL,TUNNEL,GALLERIA,TUNEL
ÚLTIMO,adj,ÚLTIMO,ÚLTIMO,DARRER,DERNIER,ULTIMO,ULTIM
ÚNICO,adj,ÚNICO,ÚNICO,ÚNIC,UNIQUE,UNICO,UNIC
UNIRE,vt,UNIR,UNIR,UNIR,UNIR,UNIRE,ATAŞA
UNIVERSITATE,sf,UNIVERSIDADE,UNIVERSIDAD,UNIVERSITAT,UNIVERSITÉ,UNIVERSITÀ,UNIVERSITATE
UNO,adj,UM,UNO,UN,UN,UNO,UNU
UNO,art,UM,UN,UN,UN,UN,UN
USARE,vt,USAR,USAR,USAR,EMPLOYER,USARE,ÎNTREBUINŢA
ÚTILE,adj,ÚTIL,ÚTIL,ÚTIL,UTILE,UTILE,UTIL
UVA,sf,UVA,UVA,RAÏM,RAISIN,UVA,STRUGURE
VACATIONES,sf,FÉRIAS,VACACIONES,VACANCES,VACANCES,VACANZE,CONCEDIU
VACCA,sf,VACA,VACA,VACA,VACHE,VACCA,VACĂ
VACUO,adj,VAZIO,VACÍO,BUIT,VIDE,VUOTO,GOL
VALERE,vt,VALER,VALER,VALER,VALOIR,VALERE,VALORA
VALISA,sf,MALA,MALETA,MALETA,VALISE,VALIGIA,GEAMANTAN
VALLE,sf,VALE,VALLE,VALL,VALLÉE,VALLE,VALE
VALORE,sm,VALOR,VALOR,VALOR,VALEUR,VALORE,VALOARE
VECE,sf,VEZ,VEZ,VEGADA,FOIS,VOLTA,DATĂ
VÈCLO,adj,VELHO,VIEJO,VELL,VIEUX,VECCHIO,BĂTRÂN
VÈCLO,adj,VELHO,VIEJO,VELL,VIEUX,VECCHIO,VECHI
VECTURA,sf,CARRO,COCHE,COTXE,VOITURE,MACCHINA,MAŞINĂ
VEDERE,vt,VER,VER,VEURE,VOIR,VEDERE,VEDEA
VEDERE-SE,vr,VER-SE,VERSE,VEURE’S,SE VOIR ,VEDERSI,VEDEA
VELA,sf,VELA,VELA,VELA,VOILE,VELA,VELĂ
VÉNCERE,vt,GANHAR,GANAR,GUANYAR,GAGNER,VINCERE,ÎNVINGE
VÉNDERE,vt,VENDER,VENDER,VENDRE,VENDRE,VENDERE,VINDE
VÈNERES,sm,SEXTA-FEIRA,VIERNES,DIVENDRES,VENDREDI,VENERDÌ,VINERI
VENIRE,vi,VIR,VENIR,VENIR,VENIR,VENIRE,VENI
VÈNTO,sm,VENTO,VIENTO,VENT,VENT,VENTO,VÂNT
VÈNTRE,sm,BARRIGA,BARRIGA,PANXA,VENTRE,VENTRE,BURTĂ
VERDE,adj,VERDE,VERDE,VERD,VERT,VERDE,VERDE
VERDURA,sf,VERDURA,VERDURA,VERDURA,LÉGUMES,VERDURA,ZARZAVAT
VERITATE,sf,VERDADE,VERDAD,1,VÉRITÉ,VERITÀ,ADEVĂR
VÈRME,sm,VERME,GUSANO,CUC,VER,VERME,VIERME
VÈRSO,prep,PARA,HACIA,CAP A,VERS,VERSO,CĂTRE
VESTE,sm,TRAJE,VESTIDO,VESTIT,VÊTEMENT,VESTITO,COSTUM
VESTIMENTA,sf,ROUPA,ROPA,ROBA,VÊTEMENTS,ABBIGLIAMENTO,HAINE
VESTIMÈNTO,sm,VESTE,PRENDA,PEÇA,VÊTEMENT,INDUMENTO,OBIECT DE ÎMBRĂCĂMINTE
VESTIRE,vt,VESTIR,VESTIR,VESTIR,HABILLER,VESTIRE,ÎMBRĂCA
VESTIRE-SE,vr,VESTIR-SE,VESTIRSE,VESTIR-SE,S'HABILLER ,VESTIRSI,ÎMBRĂCA
VETRO,sm,COPO,VASO,GOT,VERRE,BICCHIERE,PAHAR
VETTA,sf,FITA,CINTA,CINTA,RUBAN,NASTRO,PANGLICĂ
VÍA,sf,RUA,CALLE,CARRER,RUE,VIA,STRADĂ
VÍA,sf,ESTRADA,CARRETERA,CARRETERA,ROUTE,STRADA,ŞOSEA
VÍA FÈRREA,sf,VIA,VÍA,VIA,VOIE FERRÉE,BINARIO,CALE FERATĂ
VIAGGE,sm,VIAGEM,VIAJE,VIATGE,VOYAGE,VIAGGIO,CĂLĂTORIE
VIAGGÈRO,sm,VIAJANTE,VIAJERO,VIATGER,VOYAGEUR,VIAGGIATORE,CĂLĂTOR
VIAGGÎARE,vi,VIAJAR,VIAJAR,VIATJAR,VOYAGER,VIAGGIARE,CĂLĂTORI
VIENTE,adj,VINTE,VEINTE,VINT,VINGT,VENTI,DOUĂZECI
VILLA,sf,QUINTA,GRANJA,GRANJA,FERME,FATTORIA,FERMĂ
VILLAGGE,sm,POVOADO,PUEBLO,POBLE,VILLAGE,PAESE,TÂRG
VINO,sm,VINHO,VINO,VI,VIN,VINO,VIN
VIOLÀCEO,adj,ROXO,MORADO,MORAT,VIOLET,VIOLA,MOV
VISITARE,vt,VISITAR,VISITAR,VISITAR,VISITER,VISITARE,VIZITA
VISTA,sf,VISTA,VISTA,VISTA,VUE,VISTA,VĂZ
VITA,sf,VIDA,VIDA,VIDA,VIE,VITA,VIAŢĂ
VÍVERE,vi,VIVER,VIVIR,VIURE,VIVRE,VIVERE,TRĂI
VIVO,adj,VIVO,VIVO,VIU,VIVANT,VIVO,VIU
VIVO,adj,ESPERTO,LISTO,LLEST,VIF,SVEGLIO,VIOI
VOCE,sf,VOZ,VOZ,VEU,VOIX,VOCE,VOCE
VOLARE,vi,VOAR,VOLAR,VOLAR,VOLER,VOLARE,ZBURA
VOLERE,vt,QUERER,QUERER,VOLER,VOULOIR,VOLERE,VREA
VÒLLÎA,sf,GANA,GANA,GANA,ENVIE,VOGLIA,POFTĂ
VOLPE,sf,RAPOSA,ZORRO,GUINEU,RENARD,VOLPE,VULPE
VÒLTA,sf,VOLTA,VUELTA,VOLTA,TOUR,VOLTA,ÎNCONJUR
VÒMERE,vt,VOMITAR,VOMITAR,VOMITAR,VOMIR,VOMITARE,VOMĂ
VÓS,pron,VÓS,VOSOTROS,VOSALTRES,VOUS,VOI,VOI
VÓS,pron,VOCÊ,USTED,VOSTÈ,VOUS,LEI,DUMNEATA
VOS,pron,VOS,OS,US,VOUS,VI,VĂ
VOS,pron,VOS,OS,US,VOUS,VI,VOUĂ
VÒSTRO,adj,VOSSO,VUESTRO,VOSTRE,VOTRE,VOSTRO,VOSTRU
VÒSTRO,pron,VOSSO,VUESTRO,VOSTRE,VÔTRE,VOSTRO,VOSTRU
ZÈRO,sm,ZERO,CERO,ZERO,ZÉRO,ZERO,ZERO